{"type": "FeatureCollection", "features": [{"type": "Feature", "properties": {"region": "hampton", "name": "Hampton city"}, "geometry": {"type": "Polygon", "coordinates": [[[-76.4513, 37.077], [-76.4512, 37.077], [-76.4508, 37.0767], [-76.4507, 37.0766], [-76.4505, 37.0765], [-76.4504, 37.0764], [-76.4502, 37.0758], [-76.4499, 37.0751], [-76.4498, 37.0746], [-76.4496, 37.0744], [-76.4494, 37.0742], [-76.4484, 37.0731], [-76.4479, 37.0727], [-76.4477, 37.0725], [-76.4476, 37.0723], [-76.4473, 37.0719], [-76.4472, 37.0718], [-76.447, 37.0715], [-76.4468, 37.0711], [-76.4468, 37.0708], [-76.4467, 37.0704], [-76.4466, 37.0686], [-76.4467, 37.068], [-76.4468, 37.0677], [-76.4468, 37.0676], [-76.4468, 37.0675], [-76.4469, 37.0672], [-76.447, 37.067], [-76.4471, 37.0668], [-76.4473, 37.0665], [-76.4474, 37.0663], [-76.4475, 37.0661], [-76.4478, 37.0658], [-76.448, 37.0655], [-76.4483, 37.065], [-76.4485, 37.0648], [-76.4487, 37.0645], [-76.4488, 37.0643], [-76.4489, 37.064], [-76.449, 37.0637], [-76.4491, 37.0635], [-76.4491, 37.0632], [-76.4492, 37.0631], [-76.4493, 37.0627], [-76.4494, 37.0623], [-76.4496, 37.0618], [-76.4496, 37.0616], [-76.4497, 37.0614], [-76.4498, 37.0612], [-76.45, 37.0609], [-76.4501, 37.0607], [-76.4503, 37.0604], [-76.4504, 37.0601], [-76.4504, 37.0599], [-76.4504, 37.0596], [-76.4504, 37.0591], [-76.4504, 37.0584], [-76.4503, 37.0578], [-76.4502, 37.0576], [-76.4502, 37.0575], [-76.4502, 37.0573], [-76.45, 37.057], [-76.45, 37.0569], [-76.4497, 37.0566], [-76.4493, 37.0562], [-76.449, 37.0559], [-76.4486, 37.0556], [-76.4483, 37.0554], [-76.4482, 37.0552], [-76.4481, 37.055], [-76.448, 37.0547], [-76.4481, 37.0544], [-76.4483, 37.0541], [-76.4491, 37.0531], [-76.4495, 37.0526], [-76.4497, 37.0523], [-76.4499, 37.0519], [-76.45, 37.0516], [-76.4502, 37.0511], [-76.4502, 37.051], [-76.4504, 37.0503], [-76.4504, 37.0499], [-76.4505, 37.0495], [-76.4505, 37.0485], [-76.4505, 37.0483], [-76.4505, 37.0479], [-76.4505, 37.0475], [-76.4504, 37.047], [-76.4504, 37.0467], [-76.4504, 37.0464], [-76.4503, 37.0457], [-76.4502, 37.045], [-76.4501, 37.0444], [-76.45, 37.0442], [-76.4498, 37.0439], [-76.4497, 37.0433], [-76.4497, 37.0432], [-76.4497, 37.0429], [-76.4497, 37.0428], [-76.4497, 37.0427], [-76.4496, 37.0424], [-76.4496, 37.0423], [-76.4495, 37.0422], [-76.4495, 37.0421], [-76.4495, 37.0419], [-76.4494, 37.0419], [-76.4494, 37.0418], [-76.4494, 37.0417], [-76.4493, 37.0415], [-76.4493, 37.0414], [-76.4492, 37.0414], [-76.4492, 37.0413], [-76.4492, 37.0411], [-76.4492, 37.041], [-76.4492, 37.0409], [-76.4492, 37.0407], [-76.4492, 37.0406], [-76.4492, 37.0405], [-76.4492, 37.0404], [-76.4493, 37.0402], [-76.4493, 37.04], [-76.4494, 37.0399], [-76.4494, 37.0398], [-76.4494, 37.0396], [-76.4494, 37.0395], [-76.4494, 37.0394], [-76.4495, 37.0394], [-76.4494, 37.0393], [-76.4494, 37.0392], [-76.4494, 37.0391], [-76.4494, 37.0388], [-76.4493, 37.0388], [-76.4492, 37.038], [-76.4492, 37.0378], [-76.4491, 37.0377], [-76.4491, 37.0376], [-76.4491, 37.0374], [-76.4489, 37.0372], [-76.4486, 37.0367], [-76.4485, 37.0366], [-76.4484, 37.0365], [-76.4482, 37.0363], [-76.448, 37.0361], [-76.4479, 37.036], [-76.4473, 37.0353], [-76.447, 37.0348], [-76.4469, 37.0347], [-76.4468, 37.0346], [-76.4468, 37.0345], [-76.4467, 37.0345], [-76.4457, 37.0326], [-76.4455, 37.0324], [-76.4455, 37.0323], [-76.4454, 37.0323], [-76.4453, 37.0321], [-76.4452, 37.032], [-76.4451, 37.0318], [-76.445, 37.0317], [-76.4448, 37.0314], [-76.4446, 37.0312], [-76.4445, 37.0311], [-76.4444, 37.031], [-76.4443, 37.0309], [-76.4442, 37.0307], [-76.444, 37.0305], [-76.4439, 37.0305], [-76.4439, 37.0304], [-76.4439, 37.0303], [-76.4439, 37.0302], [-76.4439, 37.0301], [-76.4438, 37.03], [-76.4434, 37.0297], [-76.4431, 37.0294], [-76.443, 37.0293], [-76.4429, 37.0292], [-76.4428, 37.0292], [-76.4427, 37.029], [-76.4426, 37.0289], [-76.4426, 37.0287], [-76.4426, 37.0283], [-76.4427, 37.0276], [-76.4426, 37.0272], [-76.4426, 37.0271], [-76.4424, 37.0266], [-76.4422, 37.0259], [-76.4409, 37.0222], [-76.4407, 37.0216], [-76.4407, 37.0215], [-76.4407, 37.0213], [-76.4407, 37.0211], [-76.4407, 37.021], [-76.4408, 37.0209], [-76.4409, 37.0208], [-76.441, 37.0207], [-76.4411, 37.0206], [-76.4414, 37.0205], [-76.4417, 37.0205], [-76.4418, 37.0204], [-76.4419, 37.0204], [-76.442, 37.0204], [-76.4421, 37.0204], [-76.4422, 37.0203], [-76.4423, 37.0203], [-76.4423, 37.0202], [-76.4424, 37.0202], [-76.4425, 37.0201], [-76.4425, 37.02], [-76.4425, 37.0195], [-76.4424, 37.0188], [-76.4422, 37.0185], [-76.4421, 37.0185], [-76.4415, 37.0187], [-76.4402, 37.0192], [-76.4393, 37.0196], [-76.4382, 37.02], [-76.4361, 37.0209], [-76.434, 37.0217], [-76.432, 37.0225], [-76.4284, 37.0239], [-76.428, 37.0241], [-76.4272, 37.0244], [-76.4265, 37.0247], [-76.4247, 37.0254], [-76.4244, 37.0249], [-76.424, 37.0243], [-76.4232, 37.0229], [-76.4228, 37.0222], [-76.4225, 37.0217], [-76.422, 37.0209], [-76.4219, 37.0208], [-76.4218, 37.0205], [-76.4216, 37.0203], [-76.4214, 37.02], [-76.4213, 37.0197], [-76.4212, 37.0196], [-76.421, 37.0193], [-76.421, 37.0192], [-76.4202, 37.018], [-76.419, 37.0162], [-76.4177, 37.0141], [-76.4176, 37.0139], [-76.4172, 37.0133], [-76.417, 37.0129], [-76.4169, 37.0128], [-76.4167, 37.0124], [-76.4164, 37.0119], [-76.4152, 37.0101], [-76.4151, 37.0099], [-76.4146, 37.0091], [-76.4144, 37.0087], [-76.4142, 37.0084], [-76.4137, 37.0076], [-76.4137, 37.0075], [-76.4132, 37.0067], [-76.4129, 37.0063], [-76.4127, 37.0059], [-76.4126, 37.0058], [-76.412, 37.0048], [-76.4115, 37.004], [-76.4112, 37.0036], [-76.4105, 37.0026], [-76.4104, 37.0023], [-76.41, 37.0017], [-76.41, 37.0016], [-76.4099, 37.0016], [-76.4096, 37.0011], [-76.4092, 37.0004], [-76.409, 37.0001], [-76.4082, 36.9988], [-76.4081, 36.9986], [-76.408, 36.9984], [-76.408, 36.9983], [-76.4079, 36.9983], [-76.4077, 36.9979], [-76.4074, 36.9974], [-76.4073, 36.9972], [-76.407, 36.9967], [-76.4068, 36.9964], [-76.4067, 36.9962], [-76.4066, 36.9961], [-76.4061, 36.9954], [-76.4055, 36.9944], [-76.4052, 36.994], [-76.405, 36.9936], [-76.4048, 36.9936], [-76.4047, 36.9936], [-76.4046, 36.9936], [-76.4044, 36.9934], [-76.4043, 36.9934], [-76.4042, 36.9934], [-76.4041, 36.9934], [-76.4039, 36.9933], [-76.4038, 36.9933], [-76.4038, 36.9932], [-76.4037, 36.9932], [-76.4036, 36.9931], [-76.4035, 36.9931], [-76.4034, 36.993], [-76.4033, 36.993], [-76.4032, 36.9929], [-76.4031, 36.9928], [-76.403, 36.9928], [-76.4029, 36.9927], [-76.4029, 36.9926], [-76.4028, 36.9925], [-76.4027, 36.9925], [-76.4026, 36.9925], [-76.4025, 36.9924], [-76.4025, 36.9923], [-76.4025, 36.9922], [-76.4026, 36.9921], [-76.4025, 36.992], [-76.4025, 36.9919], [-76.4024, 36.9918], [-76.4023, 36.9918], [-76.4022, 36.9918], [-76.4021, 36.9918], [-76.4021, 36.9917], [-76.402, 36.9917], [-76.402, 36.9916], [-76.4019, 36.9916], [-76.4019, 36.9917], [-76.4018, 36.9917], [-76.4018, 36.9916], [-76.4017, 36.9916], [-76.4016, 36.9916], [-76.4015, 36.9916], [-76.4015, 36.9915], [-76.4014, 36.9914], [-76.4012, 36.9914], [-76.401, 36.9915], [-76.4007, 36.9915], [-76.4007, 36.9914], [-76.4006, 36.9912], [-76.4005, 36.9911], [-76.4, 36.991], [-76.3999, 36.9909], [-76.3996, 36.9911], [-76.3994, 36.9913], [-76.3993, 36.9914], [-76.3997, 36.9917], [-76.3998, 36.9918], [-76.3999, 36.9918], [-76.4001, 36.9921], [-76.4001, 36.9922], [-76.4003, 36.9923], [-76.4004, 36.9928], [-76.4005, 36.9935], [-76.4012, 36.9955], [-76.4012, 36.9957], [-76.4013, 36.9961], [-76.4015, 36.9966], [-76.4016, 36.9971], [-76.4014, 36.9972], [-76.4013, 36.9972], [-76.401, 36.9973], [-76.4007, 36.9974], [-76.4005, 36.9975], [-76.4001, 36.9972], [-76.3998, 36.9969], [-76.3994, 36.9966], [-76.3991, 36.9964], [-76.3989, 36.9962], [-76.3985, 36.9959], [-76.3984, 36.9958], [-76.3982, 36.9957], [-76.3981, 36.9956], [-76.3975, 36.9952], [-76.3966, 36.9944], [-76.3962, 36.9948], [-76.3961, 36.9948], [-76.3955, 36.9953], [-76.3953, 36.9955], [-76.3953, 36.9954], [-76.3949, 36.9951], [-76.3941, 36.9945], [-76.3936, 36.9942], [-76.3932, 36.9938], [-76.3922, 36.9931], [-76.392, 36.9929], [-76.3912, 36.9923], [-76.3904, 36.9917], [-76.3895, 36.991], [-76.3886, 36.9903], [-76.3884, 36.9902], [-76.3878, 36.9897], [-76.3876, 36.9896], [-76.3871, 36.9893], [-76.3867, 36.9889], [-76.3807, 36.9842], [-76.3747, 36.9794], [-76.3744, 36.9792], [-76.3742, 36.979], [-76.3716, 36.977], [-76.3616, 36.9691], [-76.3692, 36.9631], [-76.3719, 36.9609], [-76.3747, 36.9588], [-76.3786, 36.9556], [-76.3826, 36.9525], [-76.3844, 36.9511], [-76.3844, 36.951], [-76.3795, 36.9487], [-76.3747, 36.9465], [-76.3705, 36.9446], [-76.3606, 36.9427], [-76.3484, 36.9427], [-76.344, 36.9427], [-76.3418, 36.9408], [-76.3385, 36.9408], [-76.3418, 36.9248], [-76.3382, 36.9252], [-76.3384, 36.9257], [-76.3374, 36.9312], [-76.3357, 36.9431], [-76.3323, 36.9661], [-76.326, 36.965], [-76.3239, 36.9646], [-76.3104, 36.9668], [-76.3024, 36.9682], [-76.2995, 36.9687], [-76.2991, 36.9688], [-76.2966, 36.9701], [-76.2962, 36.9704], [-76.2956, 36.9708], [-76.2921, 36.9719], [-76.2897, 36.9727], [-76.289, 36.9731], [-76.2878, 36.9737], [-76.2866, 36.9743], [-76.2825, 36.9768], [-76.2818, 36.9772], [-76.2777, 36.9797], [-76.2719, 36.9834], [-76.2745, 36.985], [-76.2497, 37.0001], [-76.1679, 37.0289], [-76.1339, 37.0409], [-76.1337, 37.0411], [-76.1338, 37.0417], [-76.134, 37.0561], [-76.1348, 37.108], [-76.1349, 37.1176], [-76.1479, 37.1174], [-76.2496, 37.1161], [-76.2497, 37.1161], [-76.2754, 37.1161], [-76.2756, 37.1168], [-76.2756, 37.1189], [-76.2753, 37.1212], [-76.2764, 37.1209], [-76.2781, 37.1203], [-76.28, 37.1197], [-76.2828, 37.1188], [-76.2852, 37.1182], [-76.2877, 37.1173], [-76.2884, 37.117], [-76.2904, 37.116], [-76.2907, 37.1159], [-76.2909, 37.1157], [-76.2929, 37.1143], [-76.2939, 37.1136], [-76.2953, 37.111], [-76.2956, 37.1104], [-76.2975, 37.1071], [-76.3016, 37.1032], [-76.3053, 37.1028], [-76.3085, 37.1024], [-76.3117, 37.102], [-76.3154, 37.1028], [-76.3174, 37.103], [-76.3222, 37.1019], [-76.3228, 37.1018], [-76.3233, 37.1017], [-76.3241, 37.1015], [-76.3246, 37.1014], [-76.3257, 37.1011], [-76.3277, 37.1007], [-76.3345, 37.0992], [-76.3447, 37.0968], [-76.3469, 37.1004], [-76.3491, 37.1039], [-76.351, 37.1067], [-76.3539, 37.1079], [-76.3543, 37.108], [-76.3547, 37.1082], [-76.3554, 37.1084], [-76.3567, 37.1089], [-76.3581, 37.1095], [-76.361, 37.1106], [-76.3617, 37.1108], [-76.3638, 37.1116], [-76.3675, 37.113], [-76.3715, 37.1109], [-76.3755, 37.1087], [-76.3758, 37.1086], [-76.3762, 37.1083], [-76.3773, 37.1091], [-76.379, 37.1103], [-76.3804, 37.1112], [-76.3804, 37.1113], [-76.3807, 37.1115], [-76.3813, 37.1119], [-76.3814, 37.1119], [-76.3818, 37.1121], [-76.3822, 37.1122], [-76.3824, 37.1122], [-76.3826, 37.1121], [-76.383, 37.1121], [-76.3831, 37.1121], [-76.3834, 37.112], [-76.3835, 37.112], [-76.3837, 37.1116], [-76.384, 37.1106], [-76.3842, 37.1105], [-76.3844, 37.1103], [-76.3847, 37.1101], [-76.3849, 37.1101], [-76.3852, 37.1101], [-76.3856, 37.1101], [-76.3857, 37.1101], [-76.3865, 37.1101], [-76.3866, 37.11], [-76.3868, 37.1099], [-76.3872, 37.1097], [-76.3875, 37.1094], [-76.3877, 37.1092], [-76.3879, 37.1088], [-76.3879, 37.1086], [-76.3877, 37.1083], [-76.3874, 37.1082], [-76.3873, 37.1081], [-76.3869, 37.1079], [-76.3861, 37.1079], [-76.3854, 37.1079], [-76.3853, 37.1079], [-76.3848, 37.1079], [-76.3847, 37.1078], [-76.3845, 37.1078], [-76.3844, 37.1076], [-76.3843, 37.1074], [-76.3842, 37.1072], [-76.3843, 37.1066], [-76.3843, 37.1064], [-76.3844, 37.1061], [-76.3844, 37.1059], [-76.3844, 37.1058], [-76.3844, 37.1055], [-76.3844, 37.1054], [-76.3844, 37.1053], [-76.3846, 37.1052], [-76.3848, 37.1051], [-76.3852, 37.1051], [-76.3855, 37.1051], [-76.3858, 37.1052], [-76.386, 37.1052], [-76.3861, 37.1052], [-76.3863, 37.1052], [-76.3865, 37.1051], [-76.3867, 37.1051], [-76.3868, 37.1052], [-76.3869, 37.1052], [-76.387, 37.1052], [-76.387, 37.1053], [-76.387, 37.1054], [-76.387, 37.1058], [-76.387, 37.106], [-76.387, 37.1062], [-76.3871, 37.1064], [-76.3872, 37.1065], [-76.3872, 37.1066], [-76.3873, 37.1066], [-76.3874, 37.1067], [-76.3875, 37.1067], [-76.3878, 37.1067], [-76.3879, 37.1068], [-76.3882, 37.1068], [-76.3883, 37.1068], [-76.3884, 37.1068], [-76.3895, 37.1069], [-76.39, 37.107], [-76.3903, 37.107], [-76.3905, 37.1071], [-76.3908, 37.1071], [-76.3911, 37.1072], [-76.3912, 37.1073], [-76.3923, 37.1079], [-76.3927, 37.1081], [-76.3928, 37.1081], [-76.393, 37.1082], [-76.3933, 37.1083], [-76.3934, 37.1083], [-76.3935, 37.1083], [-76.3938, 37.1084], [-76.3939, 37.1084], [-76.394, 37.1083], [-76.3941, 37.1082], [-76.3941, 37.1081], [-76.3942, 37.1079], [-76.3942, 37.1078], [-76.3942, 37.1077], [-76.3942, 37.1076], [-76.3942, 37.1071], [-76.3943, 37.1066], [-76.3943, 37.1065], [-76.3943, 37.1064], [-76.3944, 37.1063], [-76.3945, 37.1062], [-76.3946, 37.1061], [-76.3947, 37.1061], [-76.3948, 37.1061], [-76.3949, 37.1062], [-76.395, 37.1063], [-76.3951, 37.1065], [-76.3953, 37.1067], [-76.3954, 37.1068], [-76.3955, 37.1069], [-76.3958, 37.1071], [-76.3958, 37.1072], [-76.3959, 37.1072], [-76.396, 37.1073], [-76.3961, 37.1074], [-76.3963, 37.1075], [-76.3965, 37.1076], [-76.3966, 37.1076], [-76.3968, 37.1076], [-76.397, 37.1077], [-76.3973, 37.1077], [-76.3974, 37.1077], [-76.3975, 37.1076], [-76.3976, 37.1076], [-76.3977, 37.1076], [-76.3977, 37.1075], [-76.3978, 37.1075], [-76.3978, 37.1074], [-76.3978, 37.1073], [-76.3978, 37.1072], [-76.3979, 37.107], [-76.3979, 37.1069], [-76.3979, 37.1068], [-76.398, 37.1067], [-76.3981, 37.1066], [-76.3982, 37.1066], [-76.3983, 37.1066], [-76.3986, 37.1065], [-76.3989, 37.1065], [-76.3991, 37.1064], [-76.3995, 37.1064], [-76.3996, 37.1063], [-76.3999, 37.1061], [-76.4001, 37.106], [-76.4003, 37.1059], [-76.4004, 37.1058], [-76.4005, 37.1058], [-76.4008, 37.1057], [-76.401, 37.1056], [-76.4011, 37.1056], [-76.4012, 37.1056], [-76.4012, 37.1055], [-76.4012, 37.1054], [-76.4012, 37.1052], [-76.4011, 37.105], [-76.4011, 37.1049], [-76.401, 37.1049], [-76.4009, 37.1047], [-76.4009, 37.1046], [-76.4009, 37.1045], [-76.401, 37.1044], [-76.4011, 37.1044], [-76.4011, 37.1043], [-76.4013, 37.1043], [-76.4015, 37.1043], [-76.4018, 37.1042], [-76.4019, 37.1042], [-76.402, 37.1042], [-76.402, 37.1041], [-76.402, 37.104], [-76.402, 37.1039], [-76.4019, 37.1038], [-76.4018, 37.1037], [-76.4016, 37.1034], [-76.4015, 37.1033], [-76.4015, 37.1031], [-76.4014, 37.1031], [-76.4014, 37.103], [-76.4013, 37.1029], [-76.4012, 37.1029], [-76.4011, 37.1029], [-76.4011, 37.1028], [-76.4009, 37.1029], [-76.4008, 37.1029], [-76.4008, 37.103], [-76.4007, 37.1031], [-76.4005, 37.1032], [-76.4005, 37.1033], [-76.4004, 37.1033], [-76.4003, 37.1033], [-76.4001, 37.1033], [-76.4, 37.1033], [-76.3999, 37.1033], [-76.3998, 37.1032], [-76.3996, 37.1032], [-76.3995, 37.1032], [-76.3993, 37.1032], [-76.3993, 37.1031], [-76.3991, 37.1032], [-76.399, 37.1033], [-76.3989, 37.1036], [-76.3989, 37.1037], [-76.3988, 37.1039], [-76.3988, 37.104], [-76.3987, 37.1041], [-76.3987, 37.1042], [-76.3986, 37.1042], [-76.3985, 37.1043], [-76.3984, 37.1043], [-76.3983, 37.1043], [-76.3982, 37.1043], [-76.3981, 37.1043], [-76.398, 37.1042], [-76.3979, 37.104], [-76.3978, 37.1039], [-76.3978, 37.1038], [-76.3978, 37.1037], [-76.3978, 37.1036], [-76.3979, 37.1035], [-76.398, 37.1034], [-76.3984, 37.1031], [-76.3984, 37.103], [-76.3985, 37.1029], [-76.3985, 37.1027], [-76.3986, 37.1025], [-76.3987, 37.1024], [-76.3988, 37.1023], [-76.3988, 37.1022], [-76.3988, 37.1021], [-76.3987, 37.102], [-76.3985, 37.1018], [-76.3983, 37.1017], [-76.3981, 37.1015], [-76.398, 37.1014], [-76.3977, 37.1011], [-76.3976, 37.101], [-76.3976, 37.1009], [-76.3974, 37.1007], [-76.3969, 37.1004], [-76.3969, 37.1003], [-76.3967, 37.1002], [-76.3967, 37.1001], [-76.3967, 37.1], [-76.3967, 37.0999], [-76.3967, 37.0998], [-76.3968, 37.0998], [-76.3971, 37.0998], [-76.3972, 37.0999], [-76.3973, 37.0999], [-76.3975, 37.1], [-76.3977, 37.1], [-76.3979, 37.1], [-76.3985, 37.1], [-76.3986, 37.1], [-76.3987, 37.1], [-76.3987, 37.1001], [-76.3989, 37.1001], [-76.399, 37.1001], [-76.3991, 37.1002], [-76.3992, 37.1002], [-76.3993, 37.1002], [-76.3994, 37.1002], [-76.3995, 37.1002], [-76.3995, 37.1001], [-76.3995, 37.1], [-76.3995, 37.0997], [-76.3994, 37.0994], [-76.3993, 37.0993], [-76.3992, 37.0993], [-76.3991, 37.0993], [-76.3984, 37.0992], [-76.3983, 37.0992], [-76.3981, 37.0991], [-76.398, 37.0991], [-76.3979, 37.099], [-76.3979, 37.0989], [-76.398, 37.0989], [-76.3981, 37.0988], [-76.3983, 37.0988], [-76.3985, 37.0988], [-76.3985, 37.0987], [-76.3987, 37.0987], [-76.3988, 37.0987], [-76.3989, 37.0986], [-76.3995, 37.0982], [-76.3996, 37.0981], [-76.3997, 37.098], [-76.3997, 37.0979], [-76.3997, 37.0978], [-76.3997, 37.0977], [-76.3996, 37.0976], [-76.3995, 37.0976], [-76.3994, 37.0976], [-76.3993, 37.0976], [-76.3992, 37.0976], [-76.3991, 37.0976], [-76.399, 37.0976], [-76.3989, 37.0976], [-76.3987, 37.0977], [-76.3986, 37.0978], [-76.3984, 37.0979], [-76.3982, 37.0981], [-76.3981, 37.0981], [-76.3979, 37.0981], [-76.3978, 37.0981], [-76.3977, 37.0982], [-76.3975, 37.0982], [-76.3974, 37.0982], [-76.3974, 37.0981], [-76.3973, 37.0981], [-76.3972, 37.098], [-76.3972, 37.0979], [-76.3972, 37.0978], [-76.3973, 37.0976], [-76.3974, 37.0975], [-76.3975, 37.0974], [-76.3976, 37.0973], [-76.3977, 37.0973], [-76.398, 37.0973], [-76.3981, 37.0973], [-76.3982, 37.0972], [-76.3984, 37.0972], [-76.3985, 37.0971], [-76.3985, 37.0969], [-76.3985, 37.0968], [-76.3984, 37.0967], [-76.3982, 37.0966], [-76.3981, 37.0965], [-76.398, 37.0965], [-76.3977, 37.0964], [-76.3975, 37.0963], [-76.3974, 37.0962], [-76.3974, 37.0961], [-76.3975, 37.096], [-76.3976, 37.0959], [-76.3977, 37.0959], [-76.3979, 37.0959], [-76.398, 37.0959], [-76.3983, 37.0961], [-76.3984, 37.0961], [-76.3985, 37.0962], [-76.3986, 37.0962], [-76.3987, 37.0963], [-76.3989, 37.0965], [-76.3992, 37.0967], [-76.3992, 37.0968], [-76.3993, 37.0968], [-76.3994, 37.0969], [-76.3996, 37.0969], [-76.3997, 37.0969], [-76.4, 37.0969], [-76.4001, 37.0969], [-76.4002, 37.0968], [-76.4002, 37.0967], [-76.4002, 37.0966], [-76.4001, 37.0965], [-76.4, 37.0964], [-76.4, 37.0963], [-76.4, 37.0962], [-76.4, 37.0961], [-76.4001, 37.096], [-76.4002, 37.096], [-76.4002, 37.0959], [-76.4003, 37.0959], [-76.4003, 37.0958], [-76.4004, 37.0958], [-76.4004, 37.0957], [-76.4005, 37.0957], [-76.4006, 37.0956], [-76.4007, 37.0956], [-76.4009, 37.0956], [-76.401, 37.0957], [-76.4012, 37.0958], [-76.4013, 37.0958], [-76.4014, 37.0959], [-76.4016, 37.0959], [-76.4017, 37.0959], [-76.4018, 37.0958], [-76.402, 37.0956], [-76.4021, 37.0955], [-76.4022, 37.0955], [-76.4024, 37.0955], [-76.4025, 37.0955], [-76.4026, 37.0955], [-76.4027, 37.0956], [-76.4028, 37.0956], [-76.403, 37.0956], [-76.403, 37.0955], [-76.4029, 37.0954], [-76.4029, 37.0953], [-76.4029, 37.0952], [-76.403, 37.0952], [-76.4032, 37.0951], [-76.4033, 37.0951], [-76.4035, 37.095], [-76.4036, 37.095], [-76.4038, 37.0949], [-76.4039, 37.0948], [-76.4038, 37.0947], [-76.4038, 37.0946], [-76.4036, 37.0944], [-76.4036, 37.0943], [-76.4036, 37.0942], [-76.4037, 37.0941], [-76.4039, 37.094], [-76.4041, 37.0939], [-76.4042, 37.094], [-76.4043, 37.094], [-76.4044, 37.0942], [-76.4045, 37.0942], [-76.4046, 37.0942], [-76.4047, 37.0942], [-76.4047, 37.0941], [-76.4047, 37.0939], [-76.4047, 37.0938], [-76.4047, 37.0937], [-76.4048, 37.0936], [-76.4049, 37.0936], [-76.405, 37.0935], [-76.4051, 37.0935], [-76.4052, 37.0935], [-76.4053, 37.0935], [-76.4054, 37.0936], [-76.4054, 37.0937], [-76.4055, 37.0938], [-76.4055, 37.0939], [-76.4056, 37.0939], [-76.4056, 37.094], [-76.4056, 37.0941], [-76.4056, 37.0942], [-76.4056, 37.0943], [-76.4056, 37.0944], [-76.4057, 37.0944], [-76.4058, 37.0944], [-76.4059, 37.0944], [-76.406, 37.0943], [-76.4062, 37.0943], [-76.4065, 37.0943], [-76.4065, 37.0942], [-76.4066, 37.0942], [-76.4066, 37.0941], [-76.4065, 37.094], [-76.4065, 37.0939], [-76.4065, 37.0936], [-76.4065, 37.0935], [-76.4065, 37.0934], [-76.4065, 37.0933], [-76.4064, 37.0933], [-76.4063, 37.0933], [-76.4061, 37.0933], [-76.4061, 37.0932], [-76.406, 37.0932], [-76.4059, 37.0932], [-76.4058, 37.0932], [-76.4058, 37.0931], [-76.4057, 37.0931], [-76.4056, 37.093], [-76.4056, 37.0929], [-76.4056, 37.0928], [-76.4057, 37.0928], [-76.406, 37.0928], [-76.4061, 37.0928], [-76.4062, 37.0928], [-76.4064, 37.0927], [-76.4066, 37.0926], [-76.4067, 37.0926], [-76.4067, 37.0927], [-76.4067, 37.0929], [-76.4067, 37.093], [-76.4067, 37.0931], [-76.4068, 37.0931], [-76.407, 37.0932], [-76.4071, 37.0932], [-76.4074, 37.0931], [-76.4075, 37.0931], [-76.4077, 37.0931], [-76.4078, 37.093], [-76.4079, 37.0929], [-76.4079, 37.0928], [-76.4078, 37.0928], [-76.4078, 37.0927], [-76.4077, 37.0927], [-76.4076, 37.0927], [-76.4075, 37.0926], [-76.4073, 37.0924], [-76.4073, 37.0923], [-76.4074, 37.0922], [-76.4075, 37.0921], [-76.4077, 37.0921], [-76.4078, 37.0921], [-76.4079, 37.0921], [-76.408, 37.0921], [-76.4081, 37.0924], [-76.4081, 37.0925], [-76.4082, 37.0925], [-76.4083, 37.0926], [-76.4084, 37.0926], [-76.4086, 37.0927], [-76.4087, 37.0927], [-76.4088, 37.0927], [-76.4089, 37.0927], [-76.4089, 37.0928], [-76.409, 37.0928], [-76.4091, 37.0926], [-76.4095, 37.0922], [-76.4095, 37.0921], [-76.4094, 37.092], [-76.4095, 37.0919], [-76.4096, 37.0919], [-76.4104, 37.0923], [-76.4105, 37.0924], [-76.4105, 37.0926], [-76.4105, 37.0927], [-76.4107, 37.0927], [-76.4108, 37.0927], [-76.4109, 37.0926], [-76.411, 37.0926], [-76.4111, 37.0929], [-76.4113, 37.0929], [-76.4115, 37.0928], [-76.4118, 37.0928], [-76.412, 37.0928], [-76.4122, 37.093], [-76.4123, 37.093], [-76.4125, 37.0931], [-76.4126, 37.0932], [-76.4126, 37.0933], [-76.4127, 37.0934], [-76.4129, 37.0935], [-76.413, 37.0935], [-76.4132, 37.0934], [-76.4136, 37.0934], [-76.4137, 37.0935], [-76.4137, 37.0936], [-76.4138, 37.0936], [-76.4141, 37.0935], [-76.4142, 37.0936], [-76.4143, 37.0936], [-76.4145, 37.0936], [-76.415, 37.0936], [-76.4158, 37.0935], [-76.4162, 37.0934], [-76.4163, 37.0934], [-76.4165, 37.0934], [-76.4166, 37.0933], [-76.4168, 37.0933], [-76.4169, 37.0932], [-76.4171, 37.0931], [-76.4177, 37.0927], [-76.418, 37.0925], [-76.4181, 37.0924], [-76.4184, 37.0922], [-76.4187, 37.0921], [-76.4189, 37.0921], [-76.4192, 37.0921], [-76.4196, 37.092], [-76.4199, 37.092], [-76.4207, 37.092], [-76.4211, 37.0919], [-76.4214, 37.0919], [-76.4221, 37.0918], [-76.4222, 37.0918], [-76.4225, 37.0918], [-76.4227, 37.0918], [-76.4233, 37.0917], [-76.4235, 37.0918], [-76.4236, 37.0918], [-76.4237, 37.0918], [-76.4238, 37.0918], [-76.4243, 37.092], [-76.4248, 37.0921], [-76.425, 37.0922], [-76.4253, 37.0923], [-76.4254, 37.0923], [-76.4255, 37.0923], [-76.4256, 37.0924], [-76.4264, 37.093], [-76.4267, 37.0932], [-76.4269, 37.0933], [-76.427, 37.0934], [-76.4271, 37.0936], [-76.4272, 37.0937], [-76.4274, 37.0939], [-76.4276, 37.0942], [-76.4277, 37.0944], [-76.4281, 37.0948], [-76.4282, 37.0949], [-76.4282, 37.095], [-76.4284, 37.0951], [-76.4286, 37.0952], [-76.429, 37.0955], [-76.4291, 37.0956], [-76.4294, 37.0958], [-76.4297, 37.0959], [-76.43, 37.0961], [-76.4301, 37.0961], [-76.4302, 37.0961], [-76.4303, 37.0961], [-76.4305, 37.0961], [-76.4306, 37.0961], [-76.4307, 37.096], [-76.431, 37.0959], [-76.4311, 37.0958], [-76.4315, 37.0955], [-76.4319, 37.0951], [-76.4322, 37.095], [-76.4323, 37.095], [-76.4325, 37.0949], [-76.4327, 37.0949], [-76.4329, 37.0949], [-76.4331, 37.0949], [-76.434, 37.0949], [-76.4341, 37.0949], [-76.4344, 37.0949], [-76.4346, 37.0949], [-76.4347, 37.0949], [-76.4349, 37.0949], [-76.435, 37.0948], [-76.4351, 37.0948], [-76.4353, 37.0947], [-76.4355, 37.0946], [-76.4357, 37.0945], [-76.4363, 37.0943], [-76.4365, 37.0942], [-76.4369, 37.094], [-76.4371, 37.094], [-76.4372, 37.0939], [-76.4373, 37.0939], [-76.4374, 37.0939], [-76.4375, 37.094], [-76.4376, 37.094], [-76.4377, 37.094], [-76.4378, 37.0927], [-76.4378, 37.0926], [-76.4378, 37.0925], [-76.4377, 37.0924], [-76.4376, 37.0924], [-76.4374, 37.0922], [-76.4372, 37.092], [-76.437, 37.0919], [-76.4369, 37.0904], [-76.4372, 37.0904], [-76.4381, 37.0906], [-76.4383, 37.0907], [-76.4386, 37.0907], [-76.4387, 37.0907], [-76.4389, 37.0908], [-76.4392, 37.0909], [-76.4392, 37.0908], [-76.4393, 37.0901], [-76.4394, 37.0897], [-76.4394, 37.0895], [-76.4395, 37.0891], [-76.4395, 37.089], [-76.4395, 37.0889], [-76.4395, 37.0887], [-76.4396, 37.0885], [-76.4396, 37.0882], [-76.4397, 37.0879], [-76.4397, 37.0877], [-76.4399, 37.0868], [-76.44, 37.0867], [-76.44, 37.0866], [-76.44, 37.0864], [-76.4401, 37.086], [-76.4401, 37.0859], [-76.4402, 37.0856], [-76.4403, 37.0853], [-76.4404, 37.0849], [-76.4412, 37.0847], [-76.442, 37.085], [-76.4426, 37.0852], [-76.4441, 37.0838], [-76.4469, 37.0811], [-76.4488, 37.0793], [-76.449, 37.0792], [-76.4496, 37.0786], [-76.4507, 37.0776], [-76.4513, 37.077]]]}}, {"type": "Feature", "properties": {"region": "hampton", "name": "Virginia Beach city"}, "geometry": {"type": "Polygon", "coordinates": [[[-76.2278, 36.8338], [-76.2281, 36.8329], [-76.2278, 36.832], [-76.2278, 36.8319], [-76.2277, 36.8318], [-76.2277, 36.8316], [-76.2276, 36.8314], [-76.2268, 36.8293], [-76.2266, 36.8286], [-76.2261, 36.8273], [-76.2258, 36.8265], [-76.2255, 36.8258], [-76.2252, 36.8248], [-76.2249, 36.8245], [-76.2245, 36.8234], [-76.2242, 36.8225], [-76.2236, 36.8208], [-76.2234, 36.8203], [-76.2232, 36.82], [-76.2232, 36.8198], [-76.2231, 36.8197], [-76.223, 36.8195], [-76.2227, 36.8185], [-76.2224, 36.8176], [-76.2216, 36.8157], [-76.2214, 36.8152], [-76.221, 36.8147], [-76.2206, 36.8142], [-76.2206, 36.814], [-76.2204, 36.8136], [-76.2202, 36.813], [-76.2202, 36.8128], [-76.22, 36.8126], [-76.2199, 36.8122], [-76.2193, 36.8109], [-76.2193, 36.8108], [-76.219, 36.8102], [-76.219, 36.81], [-76.2189, 36.8099], [-76.2188, 36.8097], [-76.2188, 36.8095], [-76.2187, 36.8093], [-76.2184, 36.8085], [-76.2183, 36.8082], [-76.2183, 36.8079], [-76.2182, 36.8077], [-76.218, 36.807], [-76.2177, 36.8065], [-76.2176, 36.8063], [-76.2175, 36.806], [-76.2172, 36.8055], [-76.2167, 36.8041], [-76.2166, 36.8039], [-76.2165, 36.8035], [-76.2163, 36.8035], [-76.2161, 36.8025], [-76.2161, 36.8024], [-76.2148, 36.7991], [-76.2141, 36.7972], [-76.2138, 36.7966], [-76.2137, 36.796], [-76.2136, 36.796], [-76.2135, 36.7958], [-76.2132, 36.7948], [-76.213, 36.7945], [-76.2129, 36.7942], [-76.2118, 36.7912], [-76.2064, 36.777], [-76.2042, 36.771], [-76.2041, 36.7708], [-76.204, 36.7705], [-76.2037, 36.7699], [-76.2037, 36.7697], [-76.2036, 36.7696], [-76.2034, 36.7696], [-76.2014, 36.7689], [-76.1967, 36.7674], [-76.1965, 36.7673], [-76.1952, 36.7669], [-76.1922, 36.7659], [-76.1915, 36.7657], [-76.1897, 36.7651], [-76.1893, 36.765], [-76.1888, 36.7648], [-76.1886, 36.7647], [-76.188, 36.7645], [-76.1876, 36.7643], [-76.1872, 36.7641], [-76.1871, 36.764], [-76.1865, 36.7637], [-76.1836, 36.7634], [-76.1834, 36.7634], [-76.1832, 36.7633], [-76.1818, 36.7631], [-76.1809, 36.7628], [-76.1791, 36.7626], [-76.1775, 36.7624], [-76.1698, 36.7611], [-76.1634, 36.7602], [-76.1593, 36.7596], [-76.1518, 36.7581], [-76.1436, 36.7572], [-76.1434, 36.7571], [-76.1433, 36.757], [-76.1432, 36.7569], [-76.1215, 36.7373], [-76.1189, 36.7349], [-76.1003, 36.7183], [-76.1001, 36.7182], [-76.0996, 36.7177], [-76.0991, 36.7173], [-76.0985, 36.7168], [-76.0976, 36.7161], [-76.0932, 36.7148], [-76.0889, 36.7137], [-76.088, 36.7135], [-76.0822, 36.7125], [-76.0817, 36.7115], [-76.0816, 36.7113], [-76.0812, 36.7096], [-76.0803, 36.7057], [-76.0752, 36.6993], [-76.0728, 36.6966], [-76.072, 36.6959], [-76.0701, 36.6944], [-76.068, 36.6926], [-76.0678, 36.6921], [-76.0675, 36.6912], [-76.0656, 36.6856], [-76.0692, 36.6774], [-76.0702, 36.6777], [-76.074, 36.6784], [-76.0769, 36.6773], [-76.0797, 36.6786], [-76.084, 36.6771], [-76.0862, 36.6758], [-76.0925, 36.675], [-76.0938, 36.6749], [-76.094, 36.6748], [-76.0954, 36.6746], [-76.0998, 36.6734], [-76.0999, 36.6734], [-76.1007, 36.6705], [-76.1027, 36.67], [-76.1172, 36.6669], [-76.122, 36.6657], [-76.1224, 36.6457], [-76.1225, 36.6341], [-76.1225, 36.6183], [-76.1225, 36.6173], [-76.1222, 36.6057], [-76.1219, 36.5951], [-76.1216, 36.5884], [-76.1226, 36.5853], [-76.1227, 36.5795], [-76.1227, 36.5716], [-76.1225, 36.5553], [-76.1223, 36.5505], [-76.1205, 36.5505], [-76.1178, 36.5505], [-76.1167, 36.5505], [-76.115, 36.5505], [-76.1136, 36.5505], [-76.1116, 36.5505], [-76.1089, 36.5505], [-76.1068, 36.5505], [-76.1057, 36.5505], [-76.1049, 36.5505], [-76.1031, 36.5505], [-76.101, 36.5505], [-76.0976, 36.5505], [-76.0952, 36.5505], [-76.0945, 36.5505], [-76.0929, 36.5505], [-76.0923, 36.5505], [-76.0902, 36.5505], [-76.082, 36.5506], [-76.0757, 36.5506], [-76.0717, 36.5506], [-76.0594, 36.5506], [-76.056, 36.5506], [-76.0515, 36.5505], [-76.0466, 36.5505], [-76.0453, 36.5505], [-76.0436, 36.5505], [-76.0419, 36.5505], [-76.0398, 36.5505], [-76.0394, 36.5505], [-76.0391, 36.5505], [-76.0384, 36.5505], [-76.0378, 36.5505], [-76.0374, 36.5505], [-76.0367, 36.5505], [-76.0362, 36.5505], [-76.0267, 36.5505], [-76.0137, 36.5504], [-76.01, 36.5504], [-76.0077, 36.5504], [-76.007, 36.5504], [-76.0069, 36.5504], [-76.0067, 36.5504], [-76.0063, 36.5504], [-76.0052, 36.5504], [-76.004, 36.5504], [-76.0026, 36.5504], [-75.9969, 36.5505], [-75.9842, 36.5505], [-75.9751, 36.5505], [-75.9628, 36.5505], [-75.96, 36.5505], [-75.9588, 36.5506], [-75.9581, 36.5506], [-75.958, 36.5506], [-75.9576, 36.5506], [-75.9573, 36.5506], [-75.957, 36.5506], [-75.9566, 36.5506], [-75.9563, 36.5506], [-75.9561, 36.5506], [-75.9534, 36.5506], [-75.9532, 36.5506], [-75.95, 36.5506], [-75.945, 36.5506], [-75.9326, 36.5506], [-75.928, 36.5506], [-75.9223, 36.5506], [-75.9219, 36.5506], [-75.9215, 36.5506], [-75.9212, 36.5506], [-75.9208, 36.5506], [-75.9205, 36.5506], [-75.9202, 36.5506], [-75.9198, 36.5506], [-75.9195, 36.5506], [-75.9191, 36.5506], [-75.9188, 36.5506], [-75.9184, 36.5506], [-75.9181, 36.5506], [-75.9178, 36.5506], [-75.9174, 36.5506], [-75.9171, 36.5506], [-75.9167, 36.5506], [-75.9163, 36.5506], [-75.9161, 36.5506], [-75.9157, 36.5506], [-75.9154, 36.5506], [-75.915, 36.5506], [-75.9147, 36.5506], [-75.9143, 36.5506], [-75.914, 36.5506], [-75.9137, 36.5506], [-75.9133, 36.5506], [-75.9129, 36.5506], [-75.9126, 36.5506], [-75.9123, 36.5506], [-75.9119, 36.5506], [-75.9115, 36.5506], [-75.9097, 36.5506], [-75.9069, 36.5506], [-75.9049, 36.5505], [-75.9041, 36.5505], [-75.9037, 36.5505], [-75.901, 36.5505], [-75.8947, 36.5505], [-75.8935, 36.5505], [-75.8914, 36.5505], [-75.8874, 36.5505], [-75.8863, 36.5505], [-75.8816, 36.5505], [-75.8795, 36.5505], [-75.876, 36.5504], [-75.875, 36.5504], [-75.8733, 36.5504], [-75.8713, 36.5504], [-75.8695, 36.5504], [-75.8685, 36.5504], [-75.8675, 36.5504], [-75.866, 36.5504], [-75.8544, 36.5503], [-75.7975, 36.5509], [-75.8004, 36.5627], [-75.8198, 36.6252], [-75.8236, 36.6323], [-75.8298, 36.6446], [-75.834, 36.6546], [-75.844, 36.6798], [-75.8498, 36.6908], [-75.8621, 36.7141], [-75.8629, 36.716], [-75.8705, 36.7342], [-75.8746, 36.7443], [-75.8773, 36.754], [-75.8789, 36.7601], [-75.8792, 36.761], [-75.8874, 36.7911], [-75.901, 36.8415], [-75.9053, 36.857], [-75.9093, 36.872], [-75.914, 36.8892], [-75.9268, 36.9365], [-75.9283, 36.9382], [-75.9095, 36.9907], [-75.9465, 37.0001], [-75.9466, 37.0001], [-75.9466, 37.0002], [-75.9482, 37.0005], [-75.9483, 37.0006], [-75.9484, 37.0006], [-75.9756, 37.0073], [-75.9758, 37.0074], [-75.9997, 37.0133], [-76.0772, 37.0288], [-76.0823, 37.0298], [-76.0829, 37.03], [-76.0849, 37.0304], [-76.0861, 37.0306], [-76.0862, 37.0306], [-76.0971, 37.0331], [-76.1247, 37.0392], [-76.129, 37.04], [-76.1339, 37.0409], [-76.1388, 37.0309], [-76.1537, 37.0001], [-76.1554, 36.9964], [-76.1584, 36.9901], [-76.1663, 36.9731], [-76.1773, 36.9496], [-76.1777, 36.948], [-76.1798, 36.9393], [-76.1805, 36.9362], [-76.1808, 36.9347], [-76.1812, 36.9331], [-76.1814, 36.9318], [-76.1772, 36.9317], [-76.1771, 36.9301], [-76.1763, 36.922], [-76.1768, 36.921], [-76.1795, 36.9212], [-76.1825, 36.9218], [-76.1835, 36.9221], [-76.1834, 36.9226], [-76.1875, 36.9229], [-76.1876, 36.9226], [-76.1878, 36.9222], [-76.1879, 36.9219], [-76.1884, 36.9208], [-76.1892, 36.919], [-76.1897, 36.9188], [-76.1897, 36.9187], [-76.1898, 36.9187], [-76.19, 36.9186], [-76.1901, 36.9186], [-76.1902, 36.9186], [-76.1903, 36.9186], [-76.1904, 36.9187], [-76.1905, 36.9186], [-76.191, 36.9185], [-76.1911, 36.9185], [-76.192, 36.9183], [-76.1922, 36.9183], [-76.1925, 36.9182], [-76.1926, 36.9182], [-76.1925, 36.9181], [-76.1925, 36.918], [-76.1925, 36.9179], [-76.1923, 36.9175], [-76.1919, 36.9167], [-76.1918, 36.9164], [-76.191, 36.9149], [-76.1902, 36.9133], [-76.1901, 36.913], [-76.1899, 36.9128], [-76.1898, 36.9126], [-76.1896, 36.9124], [-76.1892, 36.912], [-76.1886, 36.9116], [-76.187, 36.9106], [-76.186, 36.9099], [-76.1858, 36.9097], [-76.1855, 36.9095], [-76.1851, 36.9091], [-76.1847, 36.9086], [-76.1844, 36.9083], [-76.1841, 36.908], [-76.1838, 36.9077], [-76.1835, 36.9074], [-76.1831, 36.9072], [-76.1828, 36.907], [-76.1824, 36.9069], [-76.1821, 36.9067], [-76.182, 36.9067], [-76.1821, 36.9066], [-76.1883, 36.8998], [-76.1886, 36.8994], [-76.1926, 36.895], [-76.194, 36.8938], [-76.1965, 36.8896], [-76.1985, 36.8866], [-76.1977, 36.8853], [-76.1976, 36.8851], [-76.1976, 36.885], [-76.1975, 36.885], [-76.1975, 36.8849], [-76.1956, 36.8819], [-76.1943, 36.8796], [-76.1933, 36.8779], [-76.1931, 36.8774], [-76.193, 36.8773], [-76.193, 36.8772], [-76.1929, 36.8772], [-76.1928, 36.8771], [-76.1927, 36.8771], [-76.1924, 36.8769], [-76.192, 36.8766], [-76.1916, 36.8763], [-76.1908, 36.8757], [-76.1907, 36.8757], [-76.1901, 36.8753], [-76.1898, 36.8751], [-76.1893, 36.8747], [-76.1886, 36.8742], [-76.1885, 36.8742], [-76.1885, 36.8741], [-76.1884, 36.8741], [-76.1885, 36.8741], [-76.1886, 36.8736], [-76.1899, 36.8736], [-76.19, 36.8727], [-76.1902, 36.8711], [-76.1902, 36.8704], [-76.1903, 36.8699], [-76.1904, 36.8693], [-76.1915, 36.867], [-76.1926, 36.8663], [-76.1929, 36.8658], [-76.1932, 36.8653], [-76.1933, 36.8652], [-76.1932, 36.8651], [-76.1928, 36.8647], [-76.1926, 36.8644], [-76.1918, 36.8637], [-76.1903, 36.8632], [-76.1898, 36.8624], [-76.189, 36.8625], [-76.187, 36.8625], [-76.1853, 36.8618], [-76.1851, 36.8616], [-76.1851, 36.8613], [-76.1851, 36.8612], [-76.1852, 36.8609], [-76.1848, 36.8608], [-76.1841, 36.8604], [-76.1839, 36.8604], [-76.183, 36.8599], [-76.1819, 36.8593], [-76.1817, 36.8593], [-76.1808, 36.8588], [-76.1797, 36.8583], [-76.1796, 36.8582], [-76.1791, 36.8581], [-76.1786, 36.8579], [-76.1786, 36.8578], [-76.1784, 36.8578], [-76.1779, 36.8575], [-76.1775, 36.8572], [-76.177, 36.857], [-76.1769, 36.857], [-76.177, 36.8567], [-76.177, 36.8564], [-76.1771, 36.8562], [-76.1773, 36.8556], [-76.1775, 36.8549], [-76.1775, 36.8547], [-76.1776, 36.8544], [-76.1777, 36.8542], [-76.1779, 36.8534], [-76.178, 36.853], [-76.1781, 36.8525], [-76.1786, 36.8515], [-76.179, 36.8506], [-76.1791, 36.8503], [-76.1792, 36.8501], [-76.1793, 36.8499], [-76.1795, 36.8497], [-76.18, 36.8491], [-76.1805, 36.8487], [-76.1808, 36.8484], [-76.181, 36.8482], [-76.1812, 36.848], [-76.1819, 36.8472], [-76.182, 36.8471], [-76.1828, 36.8463], [-76.1829, 36.8461], [-76.1831, 36.846], [-76.1832, 36.8458], [-76.1834, 36.8457], [-76.1835, 36.8456], [-76.1836, 36.8454], [-76.1837, 36.8453], [-76.1839, 36.8451], [-76.184, 36.845], [-76.1841, 36.8449], [-76.1842, 36.8448], [-76.1844, 36.8446], [-76.1845, 36.8444], [-76.1846, 36.8444], [-76.1846, 36.8443], [-76.1847, 36.8442], [-76.1848, 36.8441], [-76.185, 36.8439], [-76.1853, 36.8436], [-76.1857, 36.8432], [-76.1858, 36.8431], [-76.1859, 36.843], [-76.1861, 36.8429], [-76.1862, 36.8427], [-76.1865, 36.8426], [-76.1867, 36.8425], [-76.1871, 36.8424], [-76.1874, 36.8422], [-76.1876, 36.8421], [-76.1877, 36.8421], [-76.1878, 36.842], [-76.188, 36.8419], [-76.1881, 36.8419], [-76.1881, 36.8418], [-76.1888, 36.8414], [-76.1892, 36.8412], [-76.1894, 36.8411], [-76.1895, 36.841], [-76.1897, 36.8409], [-76.1898, 36.8408], [-76.1899, 36.8407], [-76.1905, 36.8403], [-76.1906, 36.8402], [-76.1907, 36.8401], [-76.1915, 36.8394], [-76.1917, 36.8392], [-76.1918, 36.8388], [-76.1922, 36.8381], [-76.1924, 36.8377], [-76.1926, 36.8374], [-76.1931, 36.8364], [-76.1936, 36.8356], [-76.1937, 36.8353], [-76.1949, 36.8333], [-76.195, 36.8331], [-76.195, 36.8329], [-76.195, 36.8326], [-76.1949, 36.8324], [-76.1949, 36.8323], [-76.1949, 36.8319], [-76.1949, 36.8317], [-76.1949, 36.8314], [-76.1948, 36.8313], [-76.1948, 36.8311], [-76.1947, 36.831], [-76.1947, 36.8308], [-76.1947, 36.8303], [-76.1947, 36.8301], [-76.1947, 36.83], [-76.1954, 36.8298], [-76.1957, 36.8297], [-76.1958, 36.8297], [-76.1965, 36.8289], [-76.1973, 36.8281], [-76.1979, 36.8281], [-76.2002, 36.8279], [-76.2014, 36.8294], [-76.2033, 36.8301], [-76.2046, 36.8305], [-76.2055, 36.8312], [-76.2069, 36.8326], [-76.2087, 36.8328], [-76.21, 36.8329], [-76.2102, 36.8329], [-76.2104, 36.8329], [-76.2105, 36.8329], [-76.2107, 36.8329], [-76.2117, 36.8327], [-76.2123, 36.8326], [-76.2135, 36.8324], [-76.214, 36.8323], [-76.2167, 36.8333], [-76.2173, 36.8335], [-76.2188, 36.8351], [-76.2198, 36.8358], [-76.2231, 36.8377], [-76.2261, 36.8399], [-76.2262, 36.8392], [-76.2252, 36.837], [-76.2261, 36.8358], [-76.2262, 36.8357], [-76.2269, 36.835], [-76.2278, 36.8338]]]}}, {"type": "Feature", "properties": {"region": "hampton", "name": "Portsmouth city"}, "geometry": {"type": "Polygon", "coordinates": [[[-76.42, 36.8667], [-76.4204, 36.8663], [-76.4131, 36.8663], [-76.4125, 36.8663], [-76.4118, 36.8664], [-76.4071, 36.8664], [-76.4045, 36.8665], [-76.404, 36.8665], [-76.4034, 36.8665], [-76.4029, 36.8665], [-76.4027, 36.8664], [-76.4025, 36.8665], [-76.4021, 36.8665], [-76.4015, 36.8665], [-76.4, 36.8663], [-76.3999, 36.8663], [-76.3997, 36.8662], [-76.3985, 36.8659], [-76.3985, 36.8651], [-76.3987, 36.8638], [-76.3989, 36.8618], [-76.3989, 36.8616], [-76.3989, 36.8615], [-76.3989, 36.8614], [-76.3989, 36.8613], [-76.3989, 36.8612], [-76.399, 36.8611], [-76.399, 36.861], [-76.3991, 36.8599], [-76.3992, 36.8588], [-76.3993, 36.8576], [-76.3994, 36.8572], [-76.3977, 36.8572], [-76.3962, 36.8569], [-76.3958, 36.8569], [-76.3945, 36.8569], [-76.3943, 36.8568], [-76.3926, 36.8566], [-76.3924, 36.8566], [-76.3919, 36.8565], [-76.3916, 36.8555], [-76.3914, 36.8549], [-76.3913, 36.8543], [-76.3891, 36.8535], [-76.3883, 36.8531], [-76.3874, 36.8522], [-76.387, 36.8512], [-76.3883, 36.8489], [-76.3883, 36.8449], [-76.3865, 36.8423], [-76.3844, 36.839], [-76.3835, 36.8375], [-76.3852, 36.8364], [-76.3885, 36.8343], [-76.3888, 36.8335], [-76.3895, 36.8329], [-76.3909, 36.8318], [-76.3955, 36.8281], [-76.3979, 36.8238], [-76.3979, 36.8237], [-76.398, 36.8237], [-76.3981, 36.8235], [-76.4009, 36.8189], [-76.4037, 36.814], [-76.4023, 36.811], [-76.4022, 36.8109], [-76.4016, 36.8094], [-76.4015, 36.8092], [-76.4003, 36.8064], [-76.4003, 36.806], [-76.4004, 36.8057], [-76.4004, 36.8055], [-76.4003, 36.8052], [-76.4002, 36.805], [-76.4001, 36.8049], [-76.3997, 36.8049], [-76.3995, 36.8049], [-76.3992, 36.805], [-76.399, 36.805], [-76.3988, 36.805], [-76.3988, 36.8051], [-76.3989, 36.8051], [-76.3989, 36.8053], [-76.3992, 36.8054], [-76.3995, 36.8055], [-76.3997, 36.8055], [-76.3998, 36.8056], [-76.3999, 36.8058], [-76.3999, 36.806], [-76.3998, 36.8063], [-76.3997, 36.8064], [-76.3995, 36.8065], [-76.3993, 36.8065], [-76.3992, 36.8065], [-76.3989, 36.8064], [-76.3988, 36.8063], [-76.3986, 36.8062], [-76.3982, 36.8063], [-76.3978, 36.8065], [-76.3977, 36.8066], [-76.3976, 36.8067], [-76.3974, 36.8066], [-76.3972, 36.8065], [-76.397, 36.8064], [-76.3968, 36.8061], [-76.3967, 36.806], [-76.3966, 36.8058], [-76.3964, 36.8056], [-76.3963, 36.8056], [-76.3962, 36.8055], [-76.396, 36.8055], [-76.3959, 36.8055], [-76.3958, 36.8056], [-76.3956, 36.8058], [-76.3955, 36.8059], [-76.3955, 36.806], [-76.3954, 36.8062], [-76.3954, 36.8063], [-76.3953, 36.8064], [-76.395, 36.8065], [-76.3945, 36.8064], [-76.3943, 36.8062], [-76.3942, 36.8062], [-76.3939, 36.8061], [-76.3936, 36.8061], [-76.3935, 36.806], [-76.3934, 36.8059], [-76.3932, 36.8058], [-76.3931, 36.8057], [-76.393, 36.8056], [-76.3929, 36.8056], [-76.3928, 36.8055], [-76.3926, 36.8055], [-76.3923, 36.8054], [-76.3921, 36.8054], [-76.392, 36.8054], [-76.3918, 36.8053], [-76.3918, 36.8052], [-76.3917, 36.8051], [-76.3917, 36.805], [-76.3917, 36.8049], [-76.3917, 36.8046], [-76.3918, 36.8044], [-76.3918, 36.8043], [-76.3919, 36.8042], [-76.3918, 36.8041], [-76.3917, 36.8041], [-76.3916, 36.8041], [-76.3915, 36.804], [-76.3914, 36.8038], [-76.3915, 36.8037], [-76.3915, 36.8036], [-76.3915, 36.8035], [-76.3914, 36.8034], [-76.3913, 36.8033], [-76.3911, 36.8032], [-76.3911, 36.8031], [-76.3909, 36.8031], [-76.3908, 36.8031], [-76.3907, 36.803], [-76.3906, 36.803], [-76.3904, 36.803], [-76.3903, 36.803], [-76.3902, 36.803], [-76.3901, 36.8029], [-76.3901, 36.8028], [-76.3902, 36.8028], [-76.3901, 36.8027], [-76.3899, 36.8027], [-76.3898, 36.8027], [-76.3897, 36.8027], [-76.3895, 36.8027], [-76.3894, 36.8026], [-76.3892, 36.8025], [-76.3891, 36.8024], [-76.389, 36.8023], [-76.3889, 36.8023], [-76.3887, 36.8021], [-76.3883, 36.8016], [-76.388, 36.8013], [-76.3877, 36.8011], [-76.3874, 36.8009], [-76.3873, 36.8008], [-76.3872, 36.8006], [-76.3872, 36.8004], [-76.3872, 36.8003], [-76.387, 36.7985], [-76.3851, 36.7962], [-76.385, 36.7962], [-76.3848, 36.7959], [-76.3848, 36.7958], [-76.3846, 36.7957], [-76.3799, 36.7904], [-76.3796, 36.7901], [-76.3792, 36.7896], [-76.3789, 36.7893], [-76.3787, 36.7891], [-76.378, 36.7884], [-76.3776, 36.7881], [-76.3764, 36.7868], [-76.3758, 36.7861], [-76.3757, 36.7861], [-76.3729, 36.7865], [-76.3725, 36.7865], [-76.3671, 36.7873], [-76.3639, 36.7878], [-76.3638, 36.7878], [-76.3421, 36.791], [-76.3416, 36.7911], [-76.336, 36.7919], [-76.3319, 36.7925], [-76.3318, 36.7925], [-76.3288, 36.793], [-76.3277, 36.7932], [-76.3276, 36.7932], [-76.3268, 36.7933], [-76.3251, 36.7936], [-76.3248, 36.7936], [-76.3228, 36.7939], [-76.3225, 36.7939], [-76.3226, 36.7941], [-76.3226, 36.7942], [-76.3221, 36.7944], [-76.322, 36.7944], [-76.3213, 36.7948], [-76.3211, 36.7949], [-76.321, 36.7949], [-76.3207, 36.795], [-76.3204, 36.7951], [-76.32, 36.7951], [-76.32, 36.7952], [-76.3193, 36.7953], [-76.319, 36.7953], [-76.3182, 36.7954], [-76.318, 36.7954], [-76.3172, 36.7956], [-76.317, 36.7956], [-76.3158, 36.7958], [-76.3157, 36.7958], [-76.3124, 36.7963], [-76.3109, 36.7965], [-76.303, 36.7978], [-76.3028, 36.7989], [-76.3018, 36.7991], [-76.3015, 36.7991], [-76.3007, 36.7984], [-76.2998, 36.7984], [-76.296, 36.7989], [-76.2953, 36.799], [-76.2943, 36.7989], [-76.2937, 36.7988], [-76.2928, 36.7988], [-76.2925, 36.7987], [-76.2921, 36.7987], [-76.2916, 36.7999], [-76.2907, 36.8045], [-76.2902, 36.808], [-76.2901, 36.8082], [-76.2901, 36.8083], [-76.2901, 36.8084], [-76.2901, 36.8087], [-76.2904, 36.8116], [-76.2907, 36.8139], [-76.2909, 36.8159], [-76.2913, 36.8184], [-76.291, 36.8193], [-76.2909, 36.8195], [-76.29, 36.822], [-76.2902, 36.8226], [-76.2929, 36.8288], [-76.2931, 36.8292], [-76.2943, 36.8319], [-76.2945, 36.8322], [-76.2945, 36.8324], [-76.2947, 36.8328], [-76.295, 36.8333], [-76.2953, 36.8357], [-76.295, 36.837], [-76.295, 36.8372], [-76.295, 36.8375], [-76.2944, 36.8408], [-76.2943, 36.8416], [-76.2959, 36.8438], [-76.2974, 36.8456], [-76.298, 36.8464], [-76.298, 36.8465], [-76.3004, 36.8495], [-76.3013, 36.8506], [-76.3067, 36.854], [-76.3135, 36.8585], [-76.3139, 36.8587], [-76.3172, 36.8607], [-76.3308, 36.8684], [-76.3368, 36.875], [-76.3367, 36.8751], [-76.3351, 36.8787], [-76.3336, 36.8822], [-76.3322, 36.8853], [-76.3316, 36.8867], [-76.331, 36.8881], [-76.3287, 36.8928], [-76.3285, 36.8932], [-76.3331, 36.8964], [-76.3408, 36.9016], [-76.3423, 36.9056], [-76.3447, 36.9193], [-76.3456, 36.9245], [-76.3424, 36.9247], [-76.3418, 36.9248], [-76.3385, 36.9408], [-76.3418, 36.9408], [-76.344, 36.9427], [-76.3484, 36.9427], [-76.3606, 36.9427], [-76.3705, 36.9446], [-76.3747, 36.9465], [-76.3795, 36.9487], [-76.3844, 36.951], [-76.3844, 36.9511], [-76.3848, 36.9507], [-76.3859, 36.9496], [-76.3996, 36.9309], [-76.4036, 36.9008], [-76.4037, 36.9008], [-76.4076, 36.8968], [-76.4078, 36.8966], [-76.4077, 36.8966], [-76.4073, 36.8961], [-76.4068, 36.8957], [-76.4063, 36.8954], [-76.4058, 36.8951], [-76.4052, 36.8949], [-76.4048, 36.8947], [-76.4044, 36.8945], [-76.4041, 36.8943], [-76.4039, 36.894], [-76.404, 36.8936], [-76.4042, 36.8933], [-76.4044, 36.893], [-76.4046, 36.8927], [-76.4047, 36.8926], [-76.4048, 36.8923], [-76.4048, 36.8921], [-76.4047, 36.8919], [-76.4047, 36.8918], [-76.4046, 36.8917], [-76.4046, 36.8915], [-76.4045, 36.8913], [-76.4047, 36.8911], [-76.4052, 36.8912], [-76.4057, 36.8913], [-76.406, 36.8914], [-76.4063, 36.8914], [-76.4066, 36.8914], [-76.4069, 36.8913], [-76.4073, 36.8909], [-76.4075, 36.8905], [-76.4075, 36.8904], [-76.4073, 36.8902], [-76.4071, 36.8899], [-76.4067, 36.8899], [-76.4064, 36.8896], [-76.4062, 36.8894], [-76.406, 36.8889], [-76.4058, 36.8882], [-76.4056, 36.8878], [-76.4056, 36.8876], [-76.4056, 36.8875], [-76.4057, 36.8871], [-76.4057, 36.887], [-76.4058, 36.8865], [-76.4058, 36.8861], [-76.4058, 36.8858], [-76.4056, 36.8856], [-76.4055, 36.8856], [-76.4053, 36.8856], [-76.4051, 36.8856], [-76.4049, 36.8856], [-76.4046, 36.8854], [-76.4044, 36.8853], [-76.4042, 36.8851], [-76.4041, 36.885], [-76.4041, 36.8848], [-76.4043, 36.8846], [-76.4045, 36.8846], [-76.4047, 36.8846], [-76.4048, 36.8846], [-76.4049, 36.8845], [-76.405, 36.8843], [-76.405, 36.884], [-76.4052, 36.8837], [-76.4052, 36.8832], [-76.4052, 36.8828], [-76.4051, 36.8824], [-76.4049, 36.8823], [-76.4049, 36.8822], [-76.4049, 36.8818], [-76.405, 36.8815], [-76.4051, 36.8814], [-76.4053, 36.8811], [-76.4054, 36.8809], [-76.4055, 36.8806], [-76.4056, 36.8804], [-76.4057, 36.8803], [-76.4058, 36.8803], [-76.4058, 36.8802], [-76.4059, 36.8801], [-76.4059, 36.88], [-76.4059, 36.8798], [-76.406, 36.8797], [-76.406, 36.8795], [-76.4062, 36.8793], [-76.4064, 36.8791], [-76.4066, 36.879], [-76.4067, 36.8789], [-76.4068, 36.8788], [-76.4068, 36.8786], [-76.4068, 36.8785], [-76.4069, 36.8783], [-76.4071, 36.878], [-76.4074, 36.8779], [-76.4077, 36.8779], [-76.4079, 36.8779], [-76.4082, 36.8778], [-76.4085, 36.8777], [-76.4087, 36.8775], [-76.4088, 36.8774], [-76.4089, 36.8773], [-76.4091, 36.8772], [-76.4093, 36.8771], [-76.4095, 36.877], [-76.4097, 36.8768], [-76.41, 36.8767], [-76.4102, 36.8766], [-76.4103, 36.8765], [-76.4111, 36.8761], [-76.4123, 36.8752], [-76.4134, 36.8743], [-76.4135, 36.8742], [-76.4136, 36.8741], [-76.417, 36.8703], [-76.4173, 36.8699], [-76.4174, 36.8699], [-76.4177, 36.8695], [-76.4186, 36.8684], [-76.4187, 36.8683], [-76.4189, 36.8681], [-76.4189, 36.868], [-76.419, 36.868], [-76.4191, 36.8678], [-76.4193, 36.8676], [-76.4194, 36.8675], [-76.42, 36.8667]]]}}, {"type": "Feature", "properties": {"region": "hampton", "name": "Norfolk city"}, "geometry": {"type": "Polygon", "coordinates": [[[-76.3456, 36.9245], [-76.3447, 36.9193], [-76.3423, 36.9056], [-76.3408, 36.9016], [-76.3331, 36.8964], [-76.3285, 36.8932], [-76.3287, 36.8928], [-76.331, 36.8881], [-76.3316, 36.8867], [-76.3322, 36.8853], [-76.3336, 36.8822], [-76.3351, 36.8787], [-76.3367, 36.8751], [-76.3368, 36.875], [-76.3308, 36.8684], [-76.3172, 36.8607], [-76.3139, 36.8587], [-76.3135, 36.8585], [-76.3067, 36.854], [-76.3013, 36.8506], [-76.3004, 36.8495], [-76.298, 36.8465], [-76.298, 36.8464], [-76.2974, 36.8456], [-76.2959, 36.8438], [-76.2943, 36.8416], [-76.2944, 36.8408], [-76.295, 36.8375], [-76.295, 36.8372], [-76.295, 36.837], [-76.2953, 36.8357], [-76.295, 36.8333], [-76.2947, 36.8328], [-76.2945, 36.8324], [-76.2945, 36.8322], [-76.2943, 36.8319], [-76.2931, 36.8292], [-76.2929, 36.8288], [-76.2902, 36.8226], [-76.29, 36.822], [-76.2895, 36.822], [-76.2881, 36.822], [-76.287, 36.822], [-76.2867, 36.822], [-76.2864, 36.822], [-76.2862, 36.8221], [-76.286, 36.8221], [-76.2856, 36.8222], [-76.2853, 36.8221], [-76.285, 36.8221], [-76.2849, 36.8221], [-76.2843, 36.822], [-76.282, 36.8229], [-76.2815, 36.823], [-76.2813, 36.823], [-76.281, 36.8231], [-76.2806, 36.8232], [-76.2804, 36.8232], [-76.2801, 36.8233], [-76.2799, 36.8233], [-76.2797, 36.8234], [-76.2796, 36.8235], [-76.2794, 36.8236], [-76.2788, 36.824], [-76.2781, 36.8243], [-76.278, 36.8243], [-76.277, 36.8249], [-76.277, 36.825], [-76.2764, 36.8259], [-76.2762, 36.8262], [-76.2761, 36.8262], [-76.2761, 36.8263], [-76.2759, 36.8265], [-76.2758, 36.8267], [-76.2754, 36.8272], [-76.2752, 36.8274], [-76.2747, 36.828], [-76.2746, 36.828], [-76.2743, 36.8279], [-76.2742, 36.8278], [-76.274, 36.8278], [-76.273, 36.8274], [-76.2725, 36.8272], [-76.2724, 36.8271], [-76.2722, 36.827], [-76.272, 36.827], [-76.2707, 36.8265], [-76.2704, 36.8263], [-76.2698, 36.8261], [-76.2691, 36.8258], [-76.2683, 36.8255], [-76.2679, 36.8253], [-76.2675, 36.8252], [-76.2672, 36.8251], [-76.2667, 36.8249], [-76.2659, 36.8246], [-76.2652, 36.8243], [-76.2651, 36.8242], [-76.2643, 36.8239], [-76.264, 36.8238], [-76.2635, 36.8236], [-76.2625, 36.8232], [-76.2621, 36.823], [-76.262, 36.823], [-76.261, 36.8226], [-76.2607, 36.8225], [-76.2606, 36.8225], [-76.2604, 36.8224], [-76.2602, 36.8223], [-76.2596, 36.822], [-76.2592, 36.8218], [-76.2589, 36.8217], [-76.2587, 36.8216], [-76.2585, 36.8214], [-76.2583, 36.8213], [-76.2578, 36.8209], [-76.2577, 36.8209], [-76.2575, 36.8208], [-76.2563, 36.822], [-76.2559, 36.8224], [-76.2534, 36.8249], [-76.2531, 36.8252], [-76.2529, 36.8255], [-76.2521, 36.8262], [-76.2519, 36.8264], [-76.2507, 36.8275], [-76.2499, 36.8284], [-76.2497, 36.8287], [-76.2496, 36.8287], [-76.2496, 36.8288], [-76.2493, 36.8291], [-76.2483, 36.8301], [-76.2482, 36.8302], [-76.2481, 36.8303], [-76.2477, 36.8307], [-76.2471, 36.8313], [-76.247, 36.8314], [-76.2467, 36.8317], [-76.2461, 36.8324], [-76.2457, 36.8329], [-76.2455, 36.8332], [-76.2453, 36.8335], [-76.2451, 36.834], [-76.2449, 36.8343], [-76.2446, 36.835], [-76.2442, 36.8357], [-76.2441, 36.8361], [-76.2439, 36.8364], [-76.2438, 36.8369], [-76.2424, 36.8371], [-76.242, 36.8371], [-76.2414, 36.8372], [-76.2366, 36.8381], [-76.2261, 36.8399], [-76.2231, 36.8377], [-76.2198, 36.8358], [-76.2188, 36.8351], [-76.2173, 36.8335], [-76.2167, 36.8333], [-76.214, 36.8323], [-76.2135, 36.8324], [-76.2123, 36.8326], [-76.2117, 36.8327], [-76.2107, 36.8329], [-76.2105, 36.8329], [-76.2104, 36.8329], [-76.2102, 36.8329], [-76.21, 36.8329], [-76.2087, 36.8328], [-76.2069, 36.8326], [-76.2055, 36.8312], [-76.2046, 36.8305], [-76.2033, 36.8301], [-76.2014, 36.8294], [-76.2002, 36.8279], [-76.1979, 36.8281], [-76.1973, 36.8281], [-76.1965, 36.8289], [-76.1958, 36.8297], [-76.1957, 36.8297], [-76.1954, 36.8298], [-76.1947, 36.83], [-76.1947, 36.8301], [-76.1947, 36.8303], [-76.1947, 36.8308], [-76.1947, 36.831], [-76.1948, 36.8311], [-76.1948, 36.8313], [-76.1949, 36.8314], [-76.1949, 36.8317], [-76.1949, 36.8319], [-76.1949, 36.8323], [-76.1949, 36.8324], [-76.195, 36.8326], [-76.195, 36.8329], [-76.195, 36.8331], [-76.1949, 36.8333], [-76.1937, 36.8353], [-76.1936, 36.8356], [-76.1931, 36.8364], [-76.1926, 36.8374], [-76.1924, 36.8377], [-76.1922, 36.8381], [-76.1918, 36.8388], [-76.1917, 36.8392], [-76.1915, 36.8394], [-76.1907, 36.8401], [-76.1906, 36.8402], [-76.1905, 36.8403], [-76.1899, 36.8407], [-76.1898, 36.8408], [-76.1897, 36.8409], [-76.1895, 36.841], [-76.1894, 36.8411], [-76.1892, 36.8412], [-76.1888, 36.8414], [-76.1881, 36.8418], [-76.1881, 36.8419], [-76.188, 36.8419], [-76.1878, 36.842], [-76.1877, 36.8421], [-76.1876, 36.8421], [-76.1874, 36.8422], [-76.1871, 36.8424], [-76.1867, 36.8425], [-76.1865, 36.8426], [-76.1862, 36.8427], [-76.1861, 36.8429], [-76.1859, 36.843], [-76.1858, 36.8431], [-76.1857, 36.8432], [-76.1853, 36.8436], [-76.185, 36.8439], [-76.1848, 36.8441], [-76.1847, 36.8442], [-76.1846, 36.8443], [-76.1846, 36.8444], [-76.1845, 36.8444], [-76.1844, 36.8446], [-76.1842, 36.8448], [-76.1841, 36.8449], [-76.184, 36.845], [-76.1839, 36.8451], [-76.1837, 36.8453], [-76.1836, 36.8454], [-76.1835, 36.8456], [-76.1834, 36.8457], [-76.1832, 36.8458], [-76.1831, 36.846], [-76.1829, 36.8461], [-76.1828, 36.8463], [-76.182, 36.8471], [-76.1819, 36.8472], [-76.1812, 36.848], [-76.181, 36.8482], [-76.1808, 36.8484], [-76.1805, 36.8487], [-76.18, 36.8491], [-76.1795, 36.8497], [-76.1793, 36.8499], [-76.1792, 36.8501], [-76.1791, 36.8503], [-76.179, 36.8506], [-76.1786, 36.8515], [-76.1781, 36.8525], [-76.178, 36.853], [-76.1779, 36.8534], [-76.1777, 36.8542], [-76.1776, 36.8544], [-76.1775, 36.8547], [-76.1775, 36.8549], [-76.1773, 36.8556], [-76.1771, 36.8562], [-76.177, 36.8564], [-76.177, 36.8567], [-76.1769, 36.857], [-76.177, 36.857], [-76.1775, 36.8572], [-76.1779, 36.8575], [-76.1784, 36.8578], [-76.1786, 36.8578], [-76.1786, 36.8579], [-76.1791, 36.8581], [-76.1796, 36.8582], [-76.1797, 36.8583], [-76.1808, 36.8588], [-76.1817, 36.8593], [-76.1819, 36.8593], [-76.183, 36.8599], [-76.1839, 36.8604], [-76.1841, 36.8604], [-76.1848, 36.8608], [-76.1852, 36.8609], [-76.1851, 36.8612], [-76.1851, 36.8613], [-76.1851, 36.8616], [-76.1853, 36.8618], [-76.187, 36.8625], [-76.189, 36.8625], [-76.1898, 36.8624], [-76.1903, 36.8632], [-76.1918, 36.8637], [-76.1926, 36.8644], [-76.1928, 36.8647], [-76.1932, 36.8651], [-76.1933, 36.8652], [-76.1932, 36.8653], [-76.1929, 36.8658], [-76.1926, 36.8663], [-76.1915, 36.867], [-76.1904, 36.8693], [-76.1903, 36.8699], [-76.1902, 36.8704], [-76.1902, 36.8711], [-76.19, 36.8727], [-76.1899, 36.8736], [-76.1886, 36.8736], [-76.1885, 36.8741], [-76.1884, 36.8741], [-76.1885, 36.8741], [-76.1885, 36.8742], [-76.1886, 36.8742], [-76.1893, 36.8747], [-76.1898, 36.8751], [-76.1901, 36.8753], [-76.1907, 36.8757], [-76.1908, 36.8757], [-76.1916, 36.8763], [-76.192, 36.8766], [-76.1924, 36.8769], [-76.1927, 36.8771], [-76.1928, 36.8771], [-76.1929, 36.8772], [-76.193, 36.8772], [-76.193, 36.8773], [-76.1931, 36.8774], [-76.1933, 36.8779], [-76.1943, 36.8796], [-76.1956, 36.8819], [-76.1975, 36.8849], [-76.1975, 36.885], [-76.1976, 36.885], [-76.1976, 36.8851], [-76.1977, 36.8853], [-76.1985, 36.8866], [-76.1965, 36.8896], [-76.194, 36.8938], [-76.1926, 36.895], [-76.1886, 36.8994], [-76.1883, 36.8998], [-76.1821, 36.9066], [-76.182, 36.9067], [-76.1821, 36.9067], [-76.1824, 36.9069], [-76.1828, 36.907], [-76.1831, 36.9072], [-76.1835, 36.9074], [-76.1838, 36.9077], [-76.1841, 36.908], [-76.1844, 36.9083], [-76.1847, 36.9086], [-76.1851, 36.9091], [-76.1855, 36.9095], [-76.1858, 36.9097], [-76.186, 36.9099], [-76.187, 36.9106], [-76.1886, 36.9116], [-76.1892, 36.912], [-76.1896, 36.9124], [-76.1898, 36.9126], [-76.1899, 36.9128], [-76.1901, 36.913], [-76.1902, 36.9133], [-76.191, 36.9149], [-76.1918, 36.9164], [-76.1919, 36.9167], [-76.1923, 36.9175], [-76.1925, 36.9179], [-76.1925, 36.918], [-76.1925, 36.9181], [-76.1926, 36.9182], [-76.1925, 36.9182], [-76.1922, 36.9183], [-76.192, 36.9183], [-76.1911, 36.9185], [-76.191, 36.9185], [-76.1905, 36.9186], [-76.1904, 36.9187], [-76.1903, 36.9186], [-76.1902, 36.9186], [-76.1901, 36.9186], [-76.19, 36.9186], [-76.1898, 36.9187], [-76.1897, 36.9187], [-76.1897, 36.9188], [-76.1892, 36.919], [-76.1884, 36.9208], [-76.1879, 36.9219], [-76.1878, 36.9222], [-76.1876, 36.9226], [-76.1875, 36.9229], [-76.1834, 36.9226], [-76.1835, 36.9221], [-76.1825, 36.9218], [-76.1795, 36.9212], [-76.1768, 36.921], [-76.1763, 36.922], [-76.1771, 36.9301], [-76.1772, 36.9317], [-76.1814, 36.9318], [-76.1812, 36.9331], [-76.1808, 36.9347], [-76.1805, 36.9362], [-76.1798, 36.9393], [-76.1777, 36.948], [-76.1773, 36.9496], [-76.1663, 36.9731], [-76.1584, 36.9901], [-76.1554, 36.9964], [-76.1537, 37.0001], [-76.1388, 37.0309], [-76.1339, 37.0409], [-76.1679, 37.0289], [-76.2497, 37.0001], [-76.2745, 36.985], [-76.2719, 36.9834], [-76.2777, 36.9797], [-76.2818, 36.9772], [-76.2825, 36.9768], [-76.2866, 36.9743], [-76.2878, 36.9737], [-76.289, 36.9731], [-76.2897, 36.9727], [-76.2921, 36.9719], [-76.2956, 36.9708], [-76.2962, 36.9704], [-76.2966, 36.9701], [-76.2991, 36.9688], [-76.2995, 36.9687], [-76.3024, 36.9682], [-76.3104, 36.9668], [-76.3239, 36.9646], [-76.326, 36.965], [-76.3323, 36.9661], [-76.3357, 36.9431], [-76.3374, 36.9312], [-76.3384, 36.9257], [-76.3382, 36.9252], [-76.3418, 36.9248], [-76.3424, 36.9247], [-76.3456, 36.9245]]]}}, {"type": "Feature", "properties": {"region": "hampton", "name": "Suffolk city"}, "geometry": {"type": "Polygon", "coordinates": [[[-76.9308, 36.5597], [-76.9309, 36.5596], [-76.9307, 36.5591], [-76.9303, 36.5589], [-76.9293, 36.5588], [-76.9284, 36.5586], [-76.9272, 36.5582], [-76.9269, 36.5581], [-76.9267, 36.558], [-76.9262, 36.5577], [-76.9241, 36.5561], [-76.9237, 36.5559], [-76.9235, 36.5558], [-76.9228, 36.5557], [-76.9222, 36.5557], [-76.9217, 36.556], [-76.9211, 36.556], [-76.9205, 36.5558], [-76.9204, 36.5557], [-76.9202, 36.5555], [-76.92, 36.5552], [-76.9199, 36.555], [-76.9198, 36.5549], [-76.9197, 36.5548], [-76.9196, 36.5546], [-76.9192, 36.5544], [-76.9191, 36.5544], [-76.9188, 36.5544], [-76.9185, 36.5544], [-76.9181, 36.5545], [-76.9175, 36.5545], [-76.917, 36.5545], [-76.9167, 36.5544], [-76.9166, 36.5544], [-76.9163, 36.5542], [-76.9162, 36.5541], [-76.9161, 36.554], [-76.9157, 36.5533], [-76.9158, 36.5526], [-76.9158, 36.5523], [-76.9159, 36.5521], [-76.9156, 36.5521], [-76.9155, 36.5521], [-76.9154, 36.5521], [-76.9149, 36.5521], [-76.9142, 36.5521], [-76.9135, 36.5521], [-76.9128, 36.5521], [-76.9121, 36.5521], [-76.9118, 36.5521], [-76.9111, 36.5521], [-76.9104, 36.5521], [-76.9097, 36.5521], [-76.909, 36.5521], [-76.9083, 36.5521], [-76.9076, 36.5521], [-76.9069, 36.552], [-76.9062, 36.552], [-76.9055, 36.552], [-76.9048, 36.552], [-76.9041, 36.552], [-76.9038, 36.552], [-76.9031, 36.552], [-76.9024, 36.552], [-76.9021, 36.552], [-76.9014, 36.552], [-76.9003, 36.552], [-76.8996, 36.552], [-76.8989, 36.552], [-76.8983, 36.552], [-76.8979, 36.5519], [-76.8972, 36.5519], [-76.8965, 36.5519], [-76.8955, 36.5519], [-76.8945, 36.5519], [-76.8938, 36.5519], [-76.8935, 36.5519], [-76.8928, 36.5519], [-76.8918, 36.5519], [-76.8904, 36.5519], [-76.8897, 36.5519], [-76.889, 36.5519], [-76.8884, 36.5518], [-76.8877, 36.5518], [-76.887, 36.5518], [-76.8865, 36.5518], [-76.8856, 36.5518], [-76.8846, 36.5518], [-76.8836, 36.5518], [-76.8826, 36.5518], [-76.8815, 36.5518], [-76.8805, 36.5518], [-76.8791, 36.5518], [-76.8781, 36.5517], [-76.8774, 36.5517], [-76.8769, 36.5517], [-76.8761, 36.5517], [-76.8751, 36.5517], [-76.8737, 36.5517], [-76.8723, 36.5517], [-76.871, 36.5517], [-76.8706, 36.5517], [-76.8689, 36.5516], [-76.8676, 36.5516], [-76.866, 36.5516], [-76.865, 36.5516], [-76.8628, 36.5516], [-76.8563, 36.5515], [-76.8549, 36.5515], [-76.8532, 36.5515], [-76.8519, 36.5515], [-76.8509, 36.5515], [-76.8505, 36.5515], [-76.8495, 36.5514], [-76.8485, 36.5514], [-76.8471, 36.5514], [-76.8468, 36.5514], [-76.8454, 36.5514], [-76.844, 36.5514], [-76.843, 36.5514], [-76.8423, 36.5514], [-76.8416, 36.5514], [-76.841, 36.5513], [-76.8403, 36.5513], [-76.8399, 36.5513], [-76.8382, 36.5513], [-76.8365, 36.5513], [-76.8345, 36.5513], [-76.8318, 36.5512], [-76.8301, 36.5512], [-76.8287, 36.5512], [-76.8277, 36.5512], [-76.8267, 36.5512], [-76.8256, 36.5512], [-76.8246, 36.5512], [-76.8236, 36.5512], [-76.8232, 36.5512], [-76.8226, 36.5511], [-76.8215, 36.5511], [-76.8205, 36.5511], [-76.8196, 36.5511], [-76.8188, 36.5511], [-76.8178, 36.5511], [-76.8171, 36.5511], [-76.8166, 36.5511], [-76.8151, 36.5511], [-76.8123, 36.5511], [-76.8096, 36.551], [-76.8072, 36.551], [-76.8052, 36.551], [-76.8035, 36.551], [-76.8021, 36.551], [-76.8008, 36.551], [-76.799, 36.551], [-76.7973, 36.551], [-76.7963, 36.551], [-76.7961, 36.551], [-76.7954, 36.551], [-76.7933, 36.551], [-76.7909, 36.551], [-76.7888, 36.5509], [-76.7868, 36.5509], [-76.7851, 36.5509], [-76.7834, 36.5509], [-76.782, 36.5509], [-76.7814, 36.5509], [-76.781, 36.5509], [-76.7803, 36.5509], [-76.7786, 36.5509], [-76.7773, 36.5509], [-76.7752, 36.5509], [-76.7741, 36.5509], [-76.7735, 36.5509], [-76.7725, 36.5509], [-76.7711, 36.5509], [-76.7694, 36.5508], [-76.7681, 36.5508], [-76.7671, 36.5508], [-76.7595, 36.5508], [-76.7592, 36.5508], [-76.7582, 36.5508], [-76.7572, 36.5508], [-76.7561, 36.5508], [-76.7553, 36.5508], [-76.7544, 36.5508], [-76.7531, 36.5508], [-76.751, 36.5508], [-76.749, 36.5507], [-76.7464, 36.5508], [-76.7443, 36.5508], [-76.7424, 36.5508], [-76.7412, 36.5508], [-76.7402, 36.5508], [-76.7388, 36.5508], [-76.7381, 36.5508], [-76.7369, 36.5508], [-76.7361, 36.5508], [-76.735, 36.5508], [-76.7341, 36.5508], [-76.7324, 36.5508], [-76.7319, 36.5508], [-76.7312, 36.5508], [-76.7302, 36.5508], [-76.7291, 36.5508], [-76.7281, 36.5508], [-76.7274, 36.5508], [-76.7267, 36.5508], [-76.7263, 36.5508], [-76.7253, 36.5508], [-76.7242, 36.5508], [-76.7222, 36.5508], [-76.7204, 36.5508], [-76.7191, 36.5508], [-76.7182, 36.5508], [-76.7153, 36.5508], [-76.7142, 36.5508], [-76.7114, 36.5508], [-76.7085, 36.5508], [-76.7051, 36.5508], [-76.7016, 36.5508], [-76.6988, 36.5507], [-76.6965, 36.5507], [-76.6956, 36.5507], [-76.6951, 36.5507], [-76.6939, 36.5507], [-76.6922, 36.5507], [-76.6905, 36.5507], [-76.6884, 36.5507], [-76.687, 36.5507], [-76.6832, 36.5507], [-76.6808, 36.5507], [-76.678, 36.5508], [-76.6753, 36.5508], [-76.6721, 36.5507], [-76.6709, 36.5507], [-76.6683, 36.5507], [-76.6655, 36.5508], [-76.6631, 36.5508], [-76.6597, 36.5508], [-76.6578, 36.5508], [-76.6571, 36.5508], [-76.6556, 36.5508], [-76.6545, 36.5508], [-76.6534, 36.5508], [-76.6524, 36.5508], [-76.6515, 36.5508], [-76.6501, 36.5508], [-76.65, 36.5508], [-76.6489, 36.5508], [-76.6479, 36.5508], [-76.6465, 36.5508], [-76.6451, 36.5508], [-76.644, 36.5508], [-76.6433, 36.5508], [-76.6426, 36.5508], [-76.6416, 36.5508], [-76.6405, 36.5508], [-76.6395, 36.5508], [-76.6384, 36.5508], [-76.6377, 36.5508], [-76.6367, 36.5508], [-76.6356, 36.5508], [-76.6346, 36.5508], [-76.6335, 36.5508], [-76.6329, 36.5508], [-76.6315, 36.5508], [-76.6291, 36.5508], [-76.6255, 36.5508], [-76.6223, 36.5508], [-76.6186, 36.5508], [-76.6173, 36.5508], [-76.6154, 36.5508], [-76.6127, 36.5507], [-76.61, 36.5507], [-76.6076, 36.5507], [-76.607, 36.5507], [-76.6048, 36.5507], [-76.6021, 36.5507], [-76.6015, 36.5507], [-76.6006, 36.5507], [-76.5977, 36.5507], [-76.5908, 36.5507], [-76.5861, 36.5507], [-76.5816, 36.5507], [-76.5775, 36.5507], [-76.5755, 36.5507], [-76.5736, 36.5507], [-76.5714, 36.5507], [-76.5696, 36.5507], [-76.5679, 36.5507], [-76.5662, 36.5507], [-76.5642, 36.5507], [-76.563, 36.5507], [-76.5628, 36.5507], [-76.5618, 36.5507], [-76.5611, 36.5507], [-76.5579, 36.5507], [-76.5567, 36.5507], [-76.5502, 36.5507], [-76.5488, 36.5507], [-76.5471, 36.5507], [-76.5454, 36.5507], [-76.544, 36.5507], [-76.5426, 36.5507], [-76.542, 36.5507], [-76.5416, 36.5507], [-76.5413, 36.5507], [-76.5409, 36.5507], [-76.5406, 36.5507], [-76.5403, 36.5507], [-76.5399, 36.5507], [-76.5395, 36.5507], [-76.5392, 36.5507], [-76.5389, 36.5507], [-76.5385, 36.5507], [-76.5382, 36.5507], [-76.5354, 36.5507], [-76.5284, 36.5507], [-76.5154, 36.5507], [-76.5031, 36.5506], [-76.4939, 36.5506], [-76.4915, 36.5506], [-76.4915, 36.5507], [-76.4883, 36.5705], [-76.4868, 36.5902], [-76.483, 36.6206], [-76.4821, 36.6285], [-76.482, 36.6289], [-76.4793, 36.652], [-76.4789, 36.6544], [-76.4765, 36.6724], [-76.476, 36.6757], [-76.4759, 36.6765], [-76.4759, 36.6766], [-76.4759, 36.6767], [-76.4759, 36.6768], [-76.4758, 36.6771], [-76.4757, 36.6778], [-76.4733, 36.6959], [-76.4716, 36.7087], [-76.4678, 36.7385], [-76.4668, 36.7462], [-76.4668, 36.7463], [-76.4667, 36.7465], [-76.4667, 36.7466], [-76.4667, 36.7469], [-76.4661, 36.751], [-76.4648, 36.7605], [-76.4647, 36.7608], [-76.4636, 36.7687], [-76.4635, 36.7699], [-76.4635, 36.77], [-76.4634, 36.7704], [-76.4634, 36.7705], [-76.4634, 36.7708], [-76.4633, 36.7709], [-76.4626, 36.7766], [-76.4622, 36.7797], [-76.4618, 36.7826], [-76.4613, 36.7865], [-76.4608, 36.79], [-76.4603, 36.7937], [-76.4575, 36.8148], [-76.4562, 36.8169], [-76.4556, 36.818], [-76.4507, 36.8267], [-76.4437, 36.8371], [-76.4437, 36.8372], [-76.4436, 36.8373], [-76.4436, 36.8374], [-76.4423, 36.8393], [-76.4419, 36.8398], [-76.4417, 36.8401], [-76.4417, 36.8402], [-76.4416, 36.8402], [-76.4415, 36.8403], [-76.4412, 36.8408], [-76.4411, 36.841], [-76.441, 36.8411], [-76.4407, 36.8415], [-76.4407, 36.8416], [-76.4406, 36.8416], [-76.4406, 36.8417], [-76.4408, 36.842], [-76.4408, 36.8421], [-76.4409, 36.8422], [-76.441, 36.8424], [-76.4411, 36.8425], [-76.441, 36.8426], [-76.4408, 36.8428], [-76.4405, 36.8431], [-76.4402, 36.8435], [-76.44, 36.8437], [-76.44, 36.8438], [-76.4397, 36.8441], [-76.4395, 36.8443], [-76.4391, 36.8447], [-76.4387, 36.8452], [-76.4386, 36.8455], [-76.4386, 36.8456], [-76.4385, 36.8457], [-76.4378, 36.8463], [-76.4377, 36.8465], [-76.4376, 36.8465], [-76.4373, 36.8469], [-76.4369, 36.8473], [-76.4368, 36.8474], [-76.4365, 36.8478], [-76.4362, 36.8482], [-76.4361, 36.8483], [-76.4355, 36.8491], [-76.4344, 36.8503], [-76.4338, 36.8511], [-76.4337, 36.8511], [-76.4337, 36.8512], [-76.4333, 36.8517], [-76.433, 36.8519], [-76.4314, 36.8538], [-76.4313, 36.8539], [-76.431, 36.8543], [-76.4306, 36.8547], [-76.4306, 36.8548], [-76.4256, 36.8606], [-76.4254, 36.8608], [-76.4253, 36.8609], [-76.4251, 36.8611], [-76.4248, 36.8615], [-76.422, 36.8648], [-76.4214, 36.8653], [-76.4213, 36.8654], [-76.4213, 36.8655], [-76.4204, 36.8663], [-76.42, 36.8667], [-76.4194, 36.8675], [-76.4193, 36.8676], [-76.4191, 36.8678], [-76.419, 36.868], [-76.4189, 36.868], [-76.4189, 36.8681], [-76.4187, 36.8683], [-76.4186, 36.8684], [-76.4177, 36.8695], [-76.4174, 36.8699], [-76.4173, 36.8699], [-76.417, 36.8703], [-76.4136, 36.8741], [-76.4135, 36.8742], [-76.4134, 36.8743], [-76.4123, 36.8752], [-76.4111, 36.8761], [-76.4103, 36.8765], [-76.4102, 36.8766], [-76.41, 36.8767], [-76.4097, 36.8768], [-76.4095, 36.877], [-76.4093, 36.8771], [-76.4091, 36.8772], [-76.4089, 36.8773], [-76.4088, 36.8774], [-76.4087, 36.8775], [-76.4085, 36.8777], [-76.4082, 36.8778], [-76.4079, 36.8779], [-76.4077, 36.8779], [-76.4074, 36.8779], [-76.4071, 36.878], [-76.4069, 36.8783], [-76.4068, 36.8785], [-76.4068, 36.8786], [-76.4068, 36.8788], [-76.4067, 36.8789], [-76.4066, 36.879], [-76.4064, 36.8791], [-76.4062, 36.8793], [-76.406, 36.8795], [-76.406, 36.8797], [-76.4059, 36.8798], [-76.4059, 36.88], [-76.4059, 36.8801], [-76.4058, 36.8802], [-76.4058, 36.8803], [-76.4057, 36.8803], [-76.4056, 36.8804], [-76.4055, 36.8806], [-76.4054, 36.8809], [-76.4053, 36.8811], [-76.4051, 36.8814], [-76.405, 36.8815], [-76.4049, 36.8818], [-76.4049, 36.8822], [-76.4049, 36.8823], [-76.4051, 36.8824], [-76.4052, 36.8828], [-76.4052, 36.8832], [-76.4052, 36.8837], [-76.405, 36.884], [-76.405, 36.8843], [-76.4049, 36.8845], [-76.4048, 36.8846], [-76.4047, 36.8846], [-76.4045, 36.8846], [-76.4043, 36.8846], [-76.4041, 36.8848], [-76.4041, 36.885], [-76.4042, 36.8851], [-76.4044, 36.8853], [-76.4046, 36.8854], [-76.4049, 36.8856], [-76.4051, 36.8856], [-76.4053, 36.8856], [-76.4055, 36.8856], [-76.4056, 36.8856], [-76.4058, 36.8858], [-76.4058, 36.8861], [-76.4058, 36.8865], [-76.4057, 36.887], [-76.4057, 36.8871], [-76.4056, 36.8875], [-76.4056, 36.8876], [-76.4056, 36.8878], [-76.4058, 36.8882], [-76.406, 36.8889], [-76.4062, 36.8894], [-76.4064, 36.8896], [-76.4067, 36.8899], [-76.4071, 36.8899], [-76.4073, 36.8902], [-76.4075, 36.8904], [-76.4075, 36.8905], [-76.4073, 36.8909], [-76.4069, 36.8913], [-76.4066, 36.8914], [-76.4063, 36.8914], [-76.406, 36.8914], [-76.4057, 36.8913], [-76.4052, 36.8912], [-76.4047, 36.8911], [-76.4045, 36.8913], [-76.4046, 36.8915], [-76.4046, 36.8917], [-76.4047, 36.8918], [-76.4047, 36.8919], [-76.4048, 36.8921], [-76.4048, 36.8923], [-76.4047, 36.8926], [-76.4046, 36.8927], [-76.4044, 36.893], [-76.4042, 36.8933], [-76.404, 36.8936], [-76.4039, 36.894], [-76.4041, 36.8943], [-76.4044, 36.8945], [-76.4048, 36.8947], [-76.4052, 36.8949], [-76.4058, 36.8951], [-76.4063, 36.8954], [-76.4068, 36.8957], [-76.4073, 36.8961], [-76.4077, 36.8966], [-76.4078, 36.8966], [-76.4076, 36.8968], [-76.4037, 36.9008], [-76.4036, 36.9008], [-76.3996, 36.9309], [-76.4008, 36.9307], [-76.4028, 36.9307], [-76.4066, 36.9308], [-76.4067, 36.9308], [-76.4068, 36.9308], [-76.407, 36.9308], [-76.4071, 36.9308], [-76.4072, 36.9308], [-76.4073, 36.9308], [-76.4107, 36.9312], [-76.412, 36.9314], [-76.4123, 36.9314], [-76.4124, 36.9315], [-76.418, 36.9323], [-76.423, 36.9333], [-76.4285, 36.9342], [-76.4325, 36.9349], [-76.4348, 36.9353], [-76.436, 36.9357], [-76.4391, 36.9371], [-76.4425, 36.9393], [-76.4446, 36.9411], [-76.4453, 36.9419], [-76.446, 36.9414], [-76.448, 36.9405], [-76.4516, 36.9385], [-76.4553, 36.9367], [-76.4581, 36.9355], [-76.4609, 36.9344], [-76.4644, 36.9331], [-76.4673, 36.932], [-76.4679, 36.9316], [-76.4706, 36.9301], [-76.4746, 36.9292], [-76.4775, 36.9288], [-76.4802, 36.9288], [-76.4833, 36.9289], [-76.4836, 36.9289], [-76.4858, 36.9289], [-76.4874, 36.9287], [-76.4882, 36.9285], [-76.4901, 36.9277], [-76.4917, 36.9265], [-76.4933, 36.9251], [-76.4944, 36.9236], [-76.4951, 36.9226], [-76.4953, 36.9224], [-76.4953, 36.9223], [-76.4955, 36.9216], [-76.496, 36.9209], [-76.4968, 36.9197], [-76.4982, 36.9179], [-76.4986, 36.9174], [-76.499, 36.9167], [-76.4993, 36.9161], [-76.4997, 36.9156], [-76.5004, 36.9146], [-76.5018, 36.9136], [-76.5026, 36.9134], [-76.5028, 36.9133], [-76.5029, 36.9133], [-76.503, 36.9133], [-76.505, 36.9127], [-76.5076, 36.9122], [-76.5077, 36.9121], [-76.5084, 36.912], [-76.5095, 36.9116], [-76.5126, 36.9105], [-76.5159, 36.909], [-76.5184, 36.9071], [-76.5207, 36.9062], [-76.5211, 36.9063], [-76.5232, 36.9068], [-76.5234, 36.9068], [-76.5245, 36.9074], [-76.5248, 36.9077], [-76.5258, 36.9088], [-76.5261, 36.9095], [-76.5266, 36.9101], [-76.5272, 36.9109], [-76.5272, 36.9111], [-76.5271, 36.9122], [-76.5266, 36.9137], [-76.5264, 36.9146], [-76.527, 36.9154], [-76.5282, 36.9162], [-76.5293, 36.9167], [-76.5305, 36.9166], [-76.5324, 36.916], [-76.533, 36.9158], [-76.5335, 36.9156], [-76.5342, 36.9147], [-76.5346, 36.9135], [-76.5354, 36.9129], [-76.5358, 36.9125], [-76.5367, 36.9123], [-76.5379, 36.9124], [-76.5384, 36.912], [-76.544, 36.908], [-76.5442, 36.9076], [-76.5443, 36.9075], [-76.5467, 36.9057], [-76.5474, 36.9052], [-76.5483, 36.9045], [-76.549, 36.904], [-76.5498, 36.9034], [-76.5507, 36.9027], [-76.5509, 36.9027], [-76.5535, 36.9006], [-76.5546, 36.8998], [-76.5563, 36.8985], [-76.557, 36.8979], [-76.562, 36.8943], [-76.563, 36.8935], [-76.5654, 36.8917], [-76.5664, 36.891], [-76.5693, 36.8888], [-76.5716, 36.887], [-76.5726, 36.8863], [-76.5741, 36.8852], [-76.5754, 36.8842], [-76.5755, 36.8842], [-76.5755, 36.8841], [-76.5761, 36.8837], [-76.5767, 36.8833], [-76.5769, 36.8831], [-76.5772, 36.8829], [-76.5773, 36.8828], [-76.5777, 36.8825], [-76.5793, 36.8813], [-76.5807, 36.8802], [-76.581, 36.88], [-76.5811, 36.8799], [-76.5812, 36.8798], [-76.5815, 36.8796], [-76.5817, 36.8795], [-76.5817, 36.8794], [-76.5825, 36.8788], [-76.5831, 36.8784], [-76.5832, 36.8783], [-76.5833, 36.8782], [-76.5834, 36.8782], [-76.5837, 36.878], [-76.5856, 36.8765], [-76.5875, 36.8752], [-76.5876, 36.8751], [-76.5902, 36.8731], [-76.5938, 36.8704], [-76.594, 36.8702], [-76.5997, 36.8659], [-76.5999, 36.8657], [-76.6002, 36.8655], [-76.6026, 36.8639], [-76.603, 36.8636], [-76.6044, 36.8624], [-76.6117, 36.8569], [-76.6232, 36.8483], [-76.6241, 36.8476], [-76.6246, 36.8472], [-76.6247, 36.8471], [-76.6254, 36.8465], [-76.6259, 36.8461], [-76.626, 36.846], [-76.6261, 36.846], [-76.6266, 36.8455], [-76.6289, 36.8438], [-76.6313, 36.842], [-76.6329, 36.8407], [-76.6343, 36.8397], [-76.6352, 36.839], [-76.6399, 36.8354], [-76.6427, 36.8333], [-76.6427, 36.8332], [-76.6428, 36.8332], [-76.6429, 36.8331], [-76.6431, 36.833], [-76.6466, 36.8303], [-76.6476, 36.8296], [-76.6479, 36.8294], [-76.6479, 36.8293], [-76.6529, 36.8255], [-76.6532, 36.8253], [-76.6533, 36.8253], [-76.6534, 36.8252], [-76.6536, 36.825], [-76.6537, 36.825], [-76.6538, 36.8248], [-76.6541, 36.8246], [-76.6545, 36.8243], [-76.6599, 36.8201], [-76.6605, 36.8197], [-76.661, 36.8192], [-76.6615, 36.819], [-76.6623, 36.8184], [-76.6627, 36.8182], [-76.663, 36.818], [-76.6635, 36.8176], [-76.6646, 36.8168], [-76.6677, 36.8143], [-76.6705, 36.8121], [-76.6713, 36.8115], [-76.6742, 36.8093], [-76.6745, 36.8091], [-76.6746, 36.809], [-76.6748, 36.8088], [-76.6751, 36.8085], [-76.6766, 36.8073], [-76.6792, 36.8053], [-76.6805, 36.8044], [-76.6823, 36.8029], [-76.6832, 36.8022], [-76.6854, 36.8005], [-76.687, 36.7993], [-76.6889, 36.7979], [-76.691, 36.7962], [-76.6928, 36.7949], [-76.6939, 36.7941], [-76.695, 36.7931], [-76.6951, 36.7931], [-76.7049, 36.7853], [-76.7058, 36.7846], [-76.7059, 36.7846], [-76.7074, 36.7833], [-76.7076, 36.7832], [-76.7088, 36.7822], [-76.709, 36.7821], [-76.7109, 36.7806], [-76.7147, 36.7778], [-76.7233, 36.7714], [-76.725, 36.7701], [-76.735, 36.7623], [-76.7362, 36.7614], [-76.7412, 36.7576], [-76.7412, 36.7575], [-76.7413, 36.7574], [-76.7443, 36.7551], [-76.7477, 36.7526], [-76.7492, 36.7514], [-76.7497, 36.751], [-76.7509, 36.7501], [-76.7557, 36.7461], [-76.7558, 36.746], [-76.7593, 36.7435], [-76.7647, 36.7394], [-76.7656, 36.7388], [-76.7657, 36.7387], [-76.7658, 36.7386], [-76.7662, 36.7383], [-76.7663, 36.7383], [-76.7749, 36.7321], [-76.7782, 36.7298], [-76.7786, 36.7294], [-76.7787, 36.7294], [-76.7793, 36.729], [-76.7932, 36.7195], [-76.7942, 36.7188], [-76.7962, 36.7175], [-76.8001, 36.715], [-76.8135, 36.7064], [-76.8136, 36.7064], [-76.8146, 36.7058], [-76.8146, 36.7057], [-76.8148, 36.7056], [-76.8182, 36.7027], [-76.8194, 36.7017], [-76.8196, 36.7016], [-76.8197, 36.7015], [-76.8211, 36.7003], [-76.8222, 36.6994], [-76.8238, 36.6981], [-76.8238, 36.698], [-76.8249, 36.6971], [-76.825, 36.697], [-76.8251, 36.697], [-76.8268, 36.6956], [-76.8273, 36.6953], [-76.8314, 36.6922], [-76.8315, 36.6922], [-76.8315, 36.6921], [-76.8319, 36.6918], [-76.8413, 36.6847], [-76.8414, 36.6847], [-76.8417, 36.6845], [-76.843, 36.6835], [-76.846, 36.6813], [-76.8461, 36.6813], [-76.8461, 36.6812], [-76.8462, 36.6812], [-76.8463, 36.6811], [-76.8464, 36.681], [-76.8486, 36.6795], [-76.8488, 36.6793], [-76.8557, 36.6744], [-76.8559, 36.6743], [-76.8609, 36.6707], [-76.8616, 36.6702], [-76.8625, 36.6695], [-76.8689, 36.6648], [-76.8694, 36.6644], [-76.8706, 36.6636], [-76.8721, 36.6625], [-76.8721, 36.6624], [-76.8747, 36.6607], [-76.8749, 36.6606], [-76.8781, 36.6583], [-76.8793, 36.6574], [-76.8795, 36.6572], [-76.882, 36.6554], [-76.8843, 36.6537], [-76.8858, 36.6527], [-76.8858, 36.6526], [-76.8884, 36.6507], [-76.8899, 36.6496], [-76.8904, 36.6493], [-76.8904, 36.6492], [-76.8905, 36.6492], [-76.8908, 36.649], [-76.8937, 36.6468], [-76.8939, 36.6467], [-76.894, 36.6467], [-76.8947, 36.6462], [-76.8948, 36.6461], [-76.8953, 36.6457], [-76.8959, 36.6453], [-76.8962, 36.6451], [-76.8972, 36.6443], [-76.8974, 36.6442], [-76.8975, 36.6441], [-76.8976, 36.6441], [-76.8976, 36.644], [-76.897, 36.6436], [-76.8958, 36.6422], [-76.8957, 36.6421], [-76.8956, 36.6418], [-76.8952, 36.6402], [-76.8952, 36.6399], [-76.8951, 36.6398], [-76.8951, 36.6397], [-76.8951, 36.6396], [-76.8951, 36.6394], [-76.8951, 36.6389], [-76.8951, 36.6386], [-76.8951, 36.6376], [-76.8951, 36.6369], [-76.8951, 36.6368], [-76.8951, 36.6367], [-76.8951, 36.6362], [-76.8951, 36.636], [-76.8951, 36.6357], [-76.8949, 36.6354], [-76.8948, 36.6354], [-76.8947, 36.6353], [-76.8947, 36.6352], [-76.8941, 36.6347], [-76.8939, 36.6343], [-76.8933, 36.6335], [-76.8929, 36.6328], [-76.8928, 36.6328], [-76.8928, 36.6327], [-76.8922, 36.6319], [-76.8917, 36.6311], [-76.8914, 36.6308], [-76.8913, 36.6304], [-76.8915, 36.6301], [-76.8917, 36.6299], [-76.8917, 36.6298], [-76.8918, 36.6298], [-76.8919, 36.6296], [-76.892, 36.6296], [-76.8921, 36.6295], [-76.8929, 36.6284], [-76.893, 36.6281], [-76.893, 36.628], [-76.8931, 36.6279], [-76.8932, 36.6271], [-76.8934, 36.6264], [-76.8934, 36.6263], [-76.8936, 36.6261], [-76.8939, 36.6257], [-76.8942, 36.6255], [-76.8942, 36.6254], [-76.8943, 36.6254], [-76.8944, 36.6253], [-76.8946, 36.6251], [-76.8947, 36.6251], [-76.8948, 36.625], [-76.8949, 36.625], [-76.895, 36.625], [-76.8951, 36.6249], [-76.8954, 36.6248], [-76.8955, 36.6247], [-76.8959, 36.6248], [-76.8969, 36.6246], [-76.897, 36.6246], [-76.8971, 36.6246], [-76.8974, 36.6245], [-76.8977, 36.6243], [-76.8981, 36.6239], [-76.8982, 36.6235], [-76.8982, 36.623], [-76.8981, 36.6226], [-76.8982, 36.6222], [-76.8982, 36.622], [-76.8983, 36.6219], [-76.8985, 36.6214], [-76.8989, 36.621], [-76.8994, 36.6207], [-76.9, 36.6205], [-76.9003, 36.6204], [-76.9004, 36.6203], [-76.9006, 36.6203], [-76.9008, 36.6203], [-76.9009, 36.6204], [-76.9011, 36.6205], [-76.9013, 36.6208], [-76.9012, 36.6209], [-76.9012, 36.6211], [-76.9008, 36.6215], [-76.9006, 36.6219], [-76.9005, 36.622], [-76.9005, 36.6221], [-76.9005, 36.6222], [-76.9005, 36.6224], [-76.9007, 36.6227], [-76.9008, 36.6227], [-76.9013, 36.6228], [-76.9014, 36.6227], [-76.9016, 36.6227], [-76.9021, 36.6226], [-76.9024, 36.6224], [-76.9061, 36.6206], [-76.9063, 36.6205], [-76.9076, 36.6199], [-76.9106, 36.6193], [-76.9107, 36.6193], [-76.911, 36.6192], [-76.9112, 36.619], [-76.9113, 36.6189], [-76.9114, 36.6188], [-76.9117, 36.6186], [-76.9118, 36.6185], [-76.912, 36.6183], [-76.9121, 36.6182], [-76.9123, 36.6179], [-76.9123, 36.6178], [-76.9122, 36.6175], [-76.9119, 36.6171], [-76.9118, 36.6171], [-76.9114, 36.6168], [-76.9107, 36.6162], [-76.91, 36.6158], [-76.9092, 36.6152], [-76.909, 36.6151], [-76.9086, 36.6147], [-76.9085, 36.6146], [-76.9084, 36.6145], [-76.9083, 36.6143], [-76.9082, 36.6141], [-76.908, 36.6139], [-76.908, 36.6138], [-76.9078, 36.6134], [-76.9076, 36.613], [-76.9073, 36.6121], [-76.9073, 36.6114], [-76.9074, 36.6109], [-76.9074, 36.6108], [-76.9077, 36.6097], [-76.9083, 36.6084], [-76.9087, 36.6078], [-76.9091, 36.6071], [-76.9093, 36.6069], [-76.9105, 36.6055], [-76.9107, 36.6052], [-76.9125, 36.6027], [-76.9126, 36.6025], [-76.9127, 36.6022], [-76.9127, 36.6019], [-76.9126, 36.6017], [-76.912, 36.6006], [-76.9119, 36.6005], [-76.9119, 36.6004], [-76.9118, 36.6002], [-76.9114, 36.5994], [-76.9113, 36.599], [-76.9111, 36.5986], [-76.9108, 36.5976], [-76.9103, 36.5952], [-76.9098, 36.5933], [-76.9096, 36.5926], [-76.9095, 36.5919], [-76.9095, 36.5916], [-76.9096, 36.5911], [-76.9098, 36.5905], [-76.9101, 36.5899], [-76.9102, 36.5894], [-76.9102, 36.5893], [-76.9102, 36.5886], [-76.9102, 36.5878], [-76.91, 36.5868], [-76.9099, 36.5857], [-76.9099, 36.5849], [-76.9099, 36.5839], [-76.9099, 36.5827], [-76.9099, 36.5823], [-76.9097, 36.5813], [-76.9093, 36.5804], [-76.9093, 36.5797], [-76.9095, 36.5792], [-76.9097, 36.5788], [-76.9098, 36.5786], [-76.9106, 36.5779], [-76.9118, 36.5773], [-76.9125, 36.5771], [-76.9134, 36.577], [-76.914, 36.577], [-76.9159, 36.577], [-76.9166, 36.5772], [-76.9177, 36.5777], [-76.9183, 36.5779], [-76.919, 36.578], [-76.9196, 36.5779], [-76.9203, 36.5776], [-76.9207, 36.5771], [-76.9209, 36.5767], [-76.9209, 36.5766], [-76.9209, 36.5764], [-76.9208, 36.5761], [-76.9201, 36.5753], [-76.9196, 36.575], [-76.9193, 36.5749], [-76.9192, 36.5748], [-76.919, 36.5747], [-76.9184, 36.5746], [-76.9179, 36.5745], [-76.9178, 36.5745], [-76.9177, 36.5743], [-76.9176, 36.5739], [-76.9177, 36.5735], [-76.9177, 36.5734], [-76.9177, 36.5733], [-76.9178, 36.5732], [-76.9178, 36.5731], [-76.9178, 36.573], [-76.918, 36.5726], [-76.9183, 36.5724], [-76.919, 36.5724], [-76.9197, 36.5725], [-76.9204, 36.5727], [-76.9205, 36.5728], [-76.9208, 36.5728], [-76.9216, 36.573], [-76.9233, 36.573], [-76.9242, 36.5729], [-76.9249, 36.5727], [-76.9256, 36.5724], [-76.9261, 36.572], [-76.9264, 36.5716], [-76.9274, 36.5696], [-76.9277, 36.5688], [-76.9278, 36.568], [-76.9279, 36.5673], [-76.928, 36.5663], [-76.928, 36.5661], [-76.928, 36.5657], [-76.9279, 36.5649], [-76.9279, 36.5645], [-76.9278, 36.5641], [-76.9276, 36.5635], [-76.9276, 36.5632], [-76.9276, 36.5629], [-76.9277, 36.5624], [-76.9279, 36.5621], [-76.9281, 36.5618], [-76.9293, 36.5606], [-76.9301, 36.5603], [-76.9307, 36.56], [-76.9308, 36.5597]]]}}, {"type": "Feature", "properties": {"region": "hampton", "name": "Chesapeake city"}, "geometry": {"type": "Polygon", "coordinates": [[[-76.4915, 36.5507], [-76.4915, 36.5506], [-76.4914, 36.5506], [-76.4908, 36.5506], [-76.4895, 36.5506], [-76.4864, 36.5506], [-76.4843, 36.5506], [-76.4826, 36.5506], [-76.4803, 36.5506], [-76.4765, 36.5506], [-76.4724, 36.5506], [-76.4676, 36.5506], [-76.4656, 36.5506], [-76.4653, 36.5506], [-76.4649, 36.5506], [-76.4622, 36.5506], [-76.4591, 36.5506], [-76.4564, 36.5506], [-76.454, 36.5506], [-76.4523, 36.5506], [-76.4503, 36.5506], [-76.4489, 36.5506], [-76.4482, 36.5506], [-76.4479, 36.5506], [-76.4475, 36.5506], [-76.4472, 36.5506], [-76.4469, 36.5506], [-76.4467, 36.5506], [-76.4465, 36.5506], [-76.4264, 36.5506], [-76.4263, 36.5506], [-76.4085, 36.5506], [-76.4083, 36.5506], [-76.3793, 36.5506], [-76.3791, 36.5506], [-76.3778, 36.5506], [-76.3776, 36.5506], [-76.3773, 36.5506], [-76.3769, 36.5506], [-76.3766, 36.5506], [-76.3764, 36.5506], [-76.3763, 36.5506], [-76.3753, 36.5506], [-76.3722, 36.5506], [-76.3685, 36.5506], [-76.3682, 36.5506], [-76.3678, 36.5506], [-76.3675, 36.5506], [-76.3671, 36.5506], [-76.3668, 36.5506], [-76.3665, 36.5506], [-76.3658, 36.5506], [-76.3654, 36.5506], [-76.3651, 36.5506], [-76.3648, 36.5506], [-76.3644, 36.5506], [-76.3641, 36.5506], [-76.3637, 36.5506], [-76.3634, 36.5506], [-76.363, 36.5506], [-76.3627, 36.5506], [-76.3624, 36.5506], [-76.362, 36.5506], [-76.3617, 36.5506], [-76.3613, 36.5506], [-76.361, 36.5506], [-76.3607, 36.5506], [-76.3603, 36.5506], [-76.36, 36.5506], [-76.3596, 36.5506], [-76.3593, 36.5506], [-76.359, 36.5506], [-76.3586, 36.5506], [-76.3579, 36.5506], [-76.3576, 36.5506], [-76.3573, 36.5506], [-76.3569, 36.5506], [-76.3566, 36.5506], [-76.3562, 36.5506], [-76.3559, 36.5506], [-76.3556, 36.5506], [-76.3552, 36.5506], [-76.3549, 36.5506], [-76.3545, 36.5506], [-76.3542, 36.5506], [-76.3538, 36.5506], [-76.3535, 36.5506], [-76.3532, 36.5506], [-76.3528, 36.5506], [-76.3525, 36.5506], [-76.3521, 36.5506], [-76.3518, 36.5506], [-76.3515, 36.5506], [-76.3511, 36.5506], [-76.3508, 36.5506], [-76.3507, 36.5506], [-76.3504, 36.5506], [-76.3498, 36.5506], [-76.3491, 36.5506], [-76.3484, 36.5506], [-76.3477, 36.5506], [-76.347, 36.5506], [-76.3464, 36.5506], [-76.3457, 36.5506], [-76.345, 36.5506], [-76.3443, 36.5506], [-76.3436, 36.5506], [-76.3429, 36.5506], [-76.3423, 36.5506], [-76.3416, 36.5506], [-76.3409, 36.5506], [-76.3408, 36.5506], [-76.3402, 36.5506], [-76.3395, 36.5506], [-76.3389, 36.5506], [-76.3382, 36.5506], [-76.3375, 36.5506], [-76.3368, 36.5506], [-76.3361, 36.5506], [-76.3355, 36.5506], [-76.3348, 36.5505], [-76.3341, 36.5505], [-76.3334, 36.5505], [-76.3327, 36.5505], [-76.332, 36.5505], [-76.3314, 36.5505], [-76.3307, 36.5505], [-76.33, 36.5505], [-76.3293, 36.5505], [-76.3286, 36.5505], [-76.328, 36.5505], [-76.3273, 36.5505], [-76.3266, 36.5505], [-76.3259, 36.5505], [-76.3252, 36.5505], [-76.3245, 36.5505], [-76.3239, 36.5505], [-76.3232, 36.5505], [-76.3225, 36.5505], [-76.3218, 36.5505], [-76.3211, 36.5505], [-76.3205, 36.5505], [-76.3198, 36.5505], [-76.3191, 36.5505], [-76.3184, 36.5505], [-76.3177, 36.5505], [-76.3171, 36.5505], [-76.3164, 36.5505], [-76.3133, 36.5505], [-76.2886, 36.5505], [-76.2725, 36.5505], [-76.2644, 36.5505], [-76.2588, 36.5505], [-76.2498, 36.5504], [-76.2464, 36.5504], [-76.2442, 36.5504], [-76.2335, 36.5505], [-76.2297, 36.5505], [-76.2288, 36.5505], [-76.2274, 36.5505], [-76.226, 36.5505], [-76.2246, 36.5504], [-76.2229, 36.5504], [-76.2208, 36.5504], [-76.2191, 36.5504], [-76.217, 36.5504], [-76.2151, 36.5504], [-76.2136, 36.5504], [-76.2115, 36.5504], [-76.2096, 36.5504], [-76.2067, 36.5505], [-76.205, 36.5505], [-76.2029, 36.5505], [-76.2009, 36.5505], [-76.1988, 36.5505], [-76.1954, 36.5505], [-76.193, 36.5505], [-76.1929, 36.5505], [-76.1928, 36.5505], [-76.1927, 36.5505], [-76.1911, 36.5505], [-76.1907, 36.5505], [-76.1902, 36.5505], [-76.1863, 36.5505], [-76.1782, 36.5505], [-76.1645, 36.5505], [-76.1583, 36.5505], [-76.1575, 36.5505], [-76.1526, 36.5505], [-76.1517, 36.5505], [-76.1501, 36.5505], [-76.1492, 36.5505], [-76.1482, 36.5505], [-76.1461, 36.5505], [-76.1453, 36.5505], [-76.1447, 36.5505], [-76.143, 36.5505], [-76.1403, 36.5505], [-76.1386, 36.5505], [-76.1372, 36.5505], [-76.1348, 36.5505], [-76.1318, 36.5505], [-76.1287, 36.5505], [-76.1253, 36.5505], [-76.1223, 36.5505], [-76.1225, 36.5553], [-76.1227, 36.5716], [-76.1227, 36.5795], [-76.1226, 36.5853], [-76.1216, 36.5884], [-76.1219, 36.5951], [-76.1222, 36.6057], [-76.1225, 36.6173], [-76.1225, 36.6183], [-76.1225, 36.6341], [-76.1224, 36.6457], [-76.122, 36.6657], [-76.1172, 36.6669], [-76.1027, 36.67], [-76.1007, 36.6705], [-76.0999, 36.6734], [-76.0998, 36.6734], [-76.0954, 36.6746], [-76.094, 36.6748], [-76.0938, 36.6749], [-76.0925, 36.675], [-76.0862, 36.6758], [-76.084, 36.6771], [-76.0797, 36.6786], [-76.0769, 36.6773], [-76.074, 36.6784], [-76.0702, 36.6777], [-76.0692, 36.6774], [-76.0656, 36.6856], [-76.0675, 36.6912], [-76.0678, 36.6921], [-76.068, 36.6926], [-76.0701, 36.6944], [-76.072, 36.6959], [-76.0728, 36.6966], [-76.0752, 36.6993], [-76.0803, 36.7057], [-76.0812, 36.7096], [-76.0816, 36.7113], [-76.0817, 36.7115], [-76.0822, 36.7125], [-76.088, 36.7135], [-76.0889, 36.7137], [-76.0932, 36.7148], [-76.0976, 36.7161], [-76.0985, 36.7168], [-76.0991, 36.7173], [-76.0996, 36.7177], [-76.1001, 36.7182], [-76.1003, 36.7183], [-76.1189, 36.7349], [-76.1215, 36.7373], [-76.1432, 36.7569], [-76.1433, 36.757], [-76.1434, 36.7571], [-76.1436, 36.7572], [-76.1518, 36.7581], [-76.1593, 36.7596], [-76.1634, 36.7602], [-76.1698, 36.7611], [-76.1775, 36.7624], [-76.1791, 36.7626], [-76.1809, 36.7628], [-76.1818, 36.7631], [-76.1832, 36.7633], [-76.1834, 36.7634], [-76.1836, 36.7634], [-76.1865, 36.7637], [-76.1871, 36.764], [-76.1872, 36.7641], [-76.1876, 36.7643], [-76.188, 36.7645], [-76.1886, 36.7647], [-76.1888, 36.7648], [-76.1893, 36.765], [-76.1897, 36.7651], [-76.1915, 36.7657], [-76.1922, 36.7659], [-76.1952, 36.7669], [-76.1965, 36.7673], [-76.1967, 36.7674], [-76.2014, 36.7689], [-76.2034, 36.7696], [-76.2036, 36.7696], [-76.2037, 36.7697], [-76.2037, 36.7699], [-76.204, 36.7705], [-76.2041, 36.7708], [-76.2042, 36.771], [-76.2064, 36.777], [-76.2118, 36.7912], [-76.2129, 36.7942], [-76.213, 36.7945], [-76.2132, 36.7948], [-76.2135, 36.7958], [-76.2136, 36.796], [-76.2137, 36.796], [-76.2138, 36.7966], [-76.2141, 36.7972], [-76.2148, 36.7991], [-76.2161, 36.8024], [-76.2161, 36.8025], [-76.2163, 36.8035], [-76.2165, 36.8035], [-76.2166, 36.8039], [-76.2167, 36.8041], [-76.2172, 36.8055], [-76.2175, 36.806], [-76.2176, 36.8063], [-76.2177, 36.8065], [-76.218, 36.807], [-76.2182, 36.8077], [-76.2183, 36.8079], [-76.2183, 36.8082], [-76.2184, 36.8085], [-76.2187, 36.8093], [-76.2188, 36.8095], [-76.2188, 36.8097], [-76.2189, 36.8099], [-76.219, 36.81], [-76.219, 36.8102], [-76.2193, 36.8108], [-76.2193, 36.8109], [-76.2199, 36.8122], [-76.22, 36.8126], [-76.2202, 36.8128], [-76.2202, 36.813], [-76.2204, 36.8136], [-76.2206, 36.814], [-76.2206, 36.8142], [-76.221, 36.8147], [-76.2214, 36.8152], [-76.2216, 36.8157], [-76.2224, 36.8176], [-76.2227, 36.8185], [-76.223, 36.8195], [-76.2231, 36.8197], [-76.2232, 36.8198], [-76.2232, 36.82], [-76.2234, 36.8203], [-76.2236, 36.8208], [-76.2242, 36.8225], [-76.2245, 36.8234], [-76.2249, 36.8245], [-76.2252, 36.8248], [-76.2255, 36.8258], [-76.2258, 36.8265], [-76.2261, 36.8273], [-76.2266, 36.8286], [-76.2268, 36.8293], [-76.2276, 36.8314], [-76.2277, 36.8316], [-76.2277, 36.8318], [-76.2278, 36.8319], [-76.2278, 36.832], [-76.2281, 36.8329], [-76.2278, 36.8338], [-76.2269, 36.835], [-76.2262, 36.8357], [-76.2261, 36.8358], [-76.2252, 36.837], [-76.2262, 36.8392], [-76.2261, 36.8399], [-76.2366, 36.8381], [-76.2414, 36.8372], [-76.242, 36.8371], [-76.2424, 36.8371], [-76.2438, 36.8369], [-76.2439, 36.8364], [-76.2441, 36.8361], [-76.2442, 36.8357], [-76.2446, 36.835], [-76.2449, 36.8343], [-76.2451, 36.834], [-76.2453, 36.8335], [-76.2455, 36.8332], [-76.2457, 36.8329], [-76.2461, 36.8324], [-76.2467, 36.8317], [-76.247, 36.8314], [-76.2471, 36.8313], [-76.2477, 36.8307], [-76.2481, 36.8303], [-76.2482, 36.8302], [-76.2483, 36.8301], [-76.2493, 36.8291], [-76.2496, 36.8288], [-76.2496, 36.8287], [-76.2497, 36.8287], [-76.2499, 36.8284], [-76.2507, 36.8275], [-76.2519, 36.8264], [-76.2521, 36.8262], [-76.2529, 36.8255], [-76.2531, 36.8252], [-76.2534, 36.8249], [-76.2559, 36.8224], [-76.2563, 36.822], [-76.2575, 36.8208], [-76.2577, 36.8209], [-76.2578, 36.8209], [-76.2583, 36.8213], [-76.2585, 36.8214], [-76.2587, 36.8216], [-76.2589, 36.8217], [-76.2592, 36.8218], [-76.2596, 36.822], [-76.2602, 36.8223], [-76.2604, 36.8224], [-76.2606, 36.8225], [-76.2607, 36.8225], [-76.261, 36.8226], [-76.262, 36.823], [-76.2621, 36.823], [-76.2625, 36.8232], [-76.2635, 36.8236], [-76.264, 36.8238], [-76.2643, 36.8239], [-76.2651, 36.8242], [-76.2652, 36.8243], [-76.2659, 36.8246], [-76.2667, 36.8249], [-76.2672, 36.8251], [-76.2675, 36.8252], [-76.2679, 36.8253], [-76.2683, 36.8255], [-76.2691, 36.8258], [-76.2698, 36.8261], [-76.2704, 36.8263], [-76.2707, 36.8265], [-76.272, 36.827], [-76.2722, 36.827], [-76.2724, 36.8271], [-76.2725, 36.8272], [-76.273, 36.8274], [-76.274, 36.8278], [-76.2742, 36.8278], [-76.2743, 36.8279], [-76.2746, 36.828], [-76.2747, 36.828], [-76.2752, 36.8274], [-76.2754, 36.8272], [-76.2758, 36.8267], [-76.2759, 36.8265], [-76.2761, 36.8263], [-76.2761, 36.8262], [-76.2762, 36.8262], [-76.2764, 36.8259], [-76.277, 36.825], [-76.277, 36.8249], [-76.278, 36.8243], [-76.2781, 36.8243], [-76.2788, 36.824], [-76.2794, 36.8236], [-76.2796, 36.8235], [-76.2797, 36.8234], [-76.2799, 36.8233], [-76.2801, 36.8233], [-76.2804, 36.8232], [-76.2806, 36.8232], [-76.281, 36.8231], [-76.2813, 36.823], [-76.2815, 36.823], [-76.282, 36.8229], [-76.2843, 36.822], [-76.2849, 36.8221], [-76.285, 36.8221], [-76.2853, 36.8221], [-76.2856, 36.8222], [-76.286, 36.8221], [-76.2862, 36.8221], [-76.2864, 36.822], [-76.2867, 36.822], [-76.287, 36.822], [-76.2881, 36.822], [-76.2895, 36.822], [-76.29, 36.822], [-76.2909, 36.8195], [-76.291, 36.8193], [-76.2913, 36.8184], [-76.2909, 36.8159], [-76.2907, 36.8139], [-76.2904, 36.8116], [-76.2901, 36.8087], [-76.2901, 36.8084], [-76.2901, 36.8083], [-76.2901, 36.8082], [-76.2902, 36.808], [-76.2907, 36.8045], [-76.2916, 36.7999], [-76.2921, 36.7987], [-76.2925, 36.7987], [-76.2928, 36.7988], [-76.2937, 36.7988], [-76.2943, 36.7989], [-76.2953, 36.799], [-76.296, 36.7989], [-76.2998, 36.7984], [-76.3007, 36.7984], [-76.3015, 36.7991], [-76.3018, 36.7991], [-76.3028, 36.7989], [-76.303, 36.7978], [-76.3109, 36.7965], [-76.3124, 36.7963], [-76.3157, 36.7958], [-76.3158, 36.7958], [-76.317, 36.7956], [-76.3172, 36.7956], [-76.318, 36.7954], [-76.3182, 36.7954], [-76.319, 36.7953], [-76.3193, 36.7953], [-76.32, 36.7952], [-76.32, 36.7951], [-76.3204, 36.7951], [-76.3207, 36.795], [-76.321, 36.7949], [-76.3211, 36.7949], [-76.3213, 36.7948], [-76.322, 36.7944], [-76.3221, 36.7944], [-76.3226, 36.7942], [-76.3226, 36.7941], [-76.3225, 36.7939], [-76.3228, 36.7939], [-76.3248, 36.7936], [-76.3251, 36.7936], [-76.3268, 36.7933], [-76.3276, 36.7932], [-76.3277, 36.7932], [-76.3288, 36.793], [-76.3318, 36.7925], [-76.3319, 36.7925], [-76.336, 36.7919], [-76.3416, 36.7911], [-76.3421, 36.791], [-76.3638, 36.7878], [-76.3639, 36.7878], [-76.3671, 36.7873], [-76.3725, 36.7865], [-76.3729, 36.7865], [-76.3757, 36.7861], [-76.3758, 36.7861], [-76.3764, 36.7868], [-76.3776, 36.7881], [-76.378, 36.7884], [-76.3787, 36.7891], [-76.3789, 36.7893], [-76.3792, 36.7896], [-76.3796, 36.7901], [-76.3799, 36.7904], [-76.3846, 36.7957], [-76.3848, 36.7958], [-76.3848, 36.7959], [-76.385, 36.7962], [-76.3851, 36.7962], [-76.387, 36.7985], [-76.3872, 36.8003], [-76.3872, 36.8004], [-76.3872, 36.8006], [-76.3873, 36.8008], [-76.3874, 36.8009], [-76.3877, 36.8011], [-76.388, 36.8013], [-76.3883, 36.8016], [-76.3887, 36.8021], [-76.3889, 36.8023], [-76.389, 36.8023], [-76.3891, 36.8024], [-76.3892, 36.8025], [-76.3894, 36.8026], [-76.3895, 36.8027], [-76.3897, 36.8027], [-76.3898, 36.8027], [-76.3899, 36.8027], [-76.3901, 36.8027], [-76.3902, 36.8028], [-76.3901, 36.8028], [-76.3901, 36.8029], [-76.3902, 36.803], [-76.3903, 36.803], [-76.3904, 36.803], [-76.3906, 36.803], [-76.3907, 36.803], [-76.3908, 36.8031], [-76.3909, 36.8031], [-76.3911, 36.8031], [-76.3911, 36.8032], [-76.3913, 36.8033], [-76.3914, 36.8034], [-76.3915, 36.8035], [-76.3915, 36.8036], [-76.3915, 36.8037], [-76.3914, 36.8038], [-76.3915, 36.804], [-76.3916, 36.8041], [-76.3917, 36.8041], [-76.3918, 36.8041], [-76.3919, 36.8042], [-76.3918, 36.8043], [-76.3918, 36.8044], [-76.3917, 36.8046], [-76.3917, 36.8049], [-76.3917, 36.805], [-76.3917, 36.8051], [-76.3918, 36.8052], [-76.3918, 36.8053], [-76.392, 36.8054], [-76.3921, 36.8054], [-76.3923, 36.8054], [-76.3926, 36.8055], [-76.3928, 36.8055], [-76.3929, 36.8056], [-76.393, 36.8056], [-76.3931, 36.8057], [-76.3932, 36.8058], [-76.3934, 36.8059], [-76.3935, 36.806], [-76.3936, 36.8061], [-76.3939, 36.8061], [-76.3942, 36.8062], [-76.3943, 36.8062], [-76.3945, 36.8064], [-76.395, 36.8065], [-76.3953, 36.8064], [-76.3954, 36.8063], [-76.3954, 36.8062], [-76.3955, 36.806], [-76.3955, 36.8059], [-76.3956, 36.8058], [-76.3958, 36.8056], [-76.3959, 36.8055], [-76.396, 36.8055], [-76.3962, 36.8055], [-76.3963, 36.8056], [-76.3964, 36.8056], [-76.3966, 36.8058], [-76.3967, 36.806], [-76.3968, 36.8061], [-76.397, 36.8064], [-76.3972, 36.8065], [-76.3974, 36.8066], [-76.3976, 36.8067], [-76.3977, 36.8066], [-76.3978, 36.8065], [-76.3982, 36.8063], [-76.3986, 36.8062], [-76.3988, 36.8063], [-76.3989, 36.8064], [-76.3992, 36.8065], [-76.3993, 36.8065], [-76.3995, 36.8065], [-76.3997, 36.8064], [-76.3998, 36.8063], [-76.3999, 36.806], [-76.3999, 36.8058], [-76.3998, 36.8056], [-76.3997, 36.8055], [-76.3995, 36.8055], [-76.3992, 36.8054], [-76.3989, 36.8053], [-76.3989, 36.8051], [-76.3988, 36.8051], [-76.3988, 36.805], [-76.399, 36.805], [-76.3992, 36.805], [-76.3995, 36.8049], [-76.3997, 36.8049], [-76.4001, 36.8049], [-76.4002, 36.805], [-76.4003, 36.8052], [-76.4004, 36.8055], [-76.4004, 36.8057], [-76.4003, 36.806], [-76.4003, 36.8064], [-76.4015, 36.8092], [-76.4016, 36.8094], [-76.4022, 36.8109], [-76.4023, 36.811], [-76.4037, 36.814], [-76.4009, 36.8189], [-76.3981, 36.8235], [-76.398, 36.8237], [-76.3979, 36.8237], [-76.3979, 36.8238], [-76.3955, 36.8281], [-76.3909, 36.8318], [-76.3895, 36.8329], [-76.3888, 36.8335], [-76.3885, 36.8343], [-76.3852, 36.8364], [-76.3835, 36.8375], [-76.3844, 36.839], [-76.3865, 36.8423], [-76.3883, 36.8449], [-76.3883, 36.8489], [-76.387, 36.8512], [-76.3874, 36.8522], [-76.3883, 36.8531], [-76.3891, 36.8535], [-76.3913, 36.8543], [-76.3914, 36.8549], [-76.3916, 36.8555], [-76.3919, 36.8565], [-76.3924, 36.8566], [-76.3926, 36.8566], [-76.3943, 36.8568], [-76.3945, 36.8569], [-76.3958, 36.8569], [-76.3962, 36.8569], [-76.3977, 36.8572], [-76.3994, 36.8572], [-76.3993, 36.8576], [-76.3992, 36.8588], [-76.3991, 36.8599], [-76.399, 36.861], [-76.399, 36.8611], [-76.3989, 36.8612], [-76.3989, 36.8613], [-76.3989, 36.8614], [-76.3989, 36.8615], [-76.3989, 36.8616], [-76.3989, 36.8618], [-76.3987, 36.8638], [-76.3985, 36.8651], [-76.3985, 36.8659], [-76.3997, 36.8662], [-76.3999, 36.8663], [-76.4, 36.8663], [-76.4015, 36.8665], [-76.4021, 36.8665], [-76.4025, 36.8665], [-76.4027, 36.8664], [-76.4029, 36.8665], [-76.4034, 36.8665], [-76.404, 36.8665], [-76.4045, 36.8665], [-76.4071, 36.8664], [-76.4118, 36.8664], [-76.4125, 36.8663], [-76.4131, 36.8663], [-76.4204, 36.8663], [-76.4213, 36.8655], [-76.4213, 36.8654], [-76.4214, 36.8653], [-76.422, 36.8648], [-76.4248, 36.8615], [-76.4251, 36.8611], [-76.4253, 36.8609], [-76.4254, 36.8608], [-76.4256, 36.8606], [-76.4306, 36.8548], [-76.4306, 36.8547], [-76.431, 36.8543], [-76.4313, 36.8539], [-76.4314, 36.8538], [-76.433, 36.8519], [-76.4333, 36.8517], [-76.4337, 36.8512], [-76.4337, 36.8511], [-76.4338, 36.8511], [-76.4344, 36.8503], [-76.4355, 36.8491], [-76.4361, 36.8483], [-76.4362, 36.8482], [-76.4365, 36.8478], [-76.4368, 36.8474], [-76.4369, 36.8473], [-76.4373, 36.8469], [-76.4376, 36.8465], [-76.4377, 36.8465], [-76.4378, 36.8463], [-76.4385, 36.8457], [-76.4386, 36.8456], [-76.4386, 36.8455], [-76.4387, 36.8452], [-76.4391, 36.8447], [-76.4395, 36.8443], [-76.4397, 36.8441], [-76.44, 36.8438], [-76.44, 36.8437], [-76.4402, 36.8435], [-76.4405, 36.8431], [-76.4408, 36.8428], [-76.441, 36.8426], [-76.4411, 36.8425], [-76.441, 36.8424], [-76.4409, 36.8422], [-76.4408, 36.8421], [-76.4408, 36.842], [-76.4406, 36.8417], [-76.4406, 36.8416], [-76.4407, 36.8416], [-76.4407, 36.8415], [-76.441, 36.8411], [-76.4411, 36.841], [-76.4412, 36.8408], [-76.4415, 36.8403], [-76.4416, 36.8402], [-76.4417, 36.8402], [-76.4417, 36.8401], [-76.4419, 36.8398], [-76.4423, 36.8393], [-76.4436, 36.8374], [-76.4436, 36.8373], [-76.4437, 36.8372], [-76.4437, 36.8371], [-76.4507, 36.8267], [-76.4556, 36.818], [-76.4562, 36.8169], [-76.4575, 36.8148], [-76.4603, 36.7937], [-76.4608, 36.79], [-76.4613, 36.7865], [-76.4618, 36.7826], [-76.4622, 36.7797], [-76.4626, 36.7766], [-76.4633, 36.7709], [-76.4634, 36.7708], [-76.4634, 36.7705], [-76.4634, 36.7704], [-76.4635, 36.77], [-76.4635, 36.7699], [-76.4636, 36.7687], [-76.4647, 36.7608], [-76.4648, 36.7605], [-76.4661, 36.751], [-76.4667, 36.7469], [-76.4667, 36.7466], [-76.4667, 36.7465], [-76.4668, 36.7463], [-76.4668, 36.7462], [-76.4678, 36.7385], [-76.4716, 36.7087], [-76.4733, 36.6959], [-76.4757, 36.6778], [-76.4758, 36.6771], [-76.4759, 36.6768], [-76.4759, 36.6767], [-76.4759, 36.6766], [-76.4759, 36.6765], [-76.476, 36.6757], [-76.4765, 36.6724], [-76.4789, 36.6544], [-76.4793, 36.652], [-76.482, 36.6289], [-76.4821, 36.6285], [-76.483, 36.6206], [-76.4868, 36.5902], [-76.4883, 36.5705], [-76.4915, 36.5507]]]}}, {"type": "Feature", "properties": {"region": "hampton", "name": "Newport News city"}, "geometry": {"type": "Polygon", "coordinates": [[[-76.6461, 37.1274], [-76.6461, 37.1265], [-76.6458, 37.1252], [-76.6282, 37.0928], [-76.6246, 37.0891], [-76.604, 37.0724], [-76.5971, 37.0668], [-76.5509, 37.0342], [-76.5359, 37.0237], [-76.5145, 37.0089], [-76.504, 37.0017], [-76.5017, 37.0001], [-76.4997, 36.9985], [-76.4997, 36.9984], [-76.4921, 36.9929], [-76.4862, 36.9886], [-76.4861, 36.9885], [-76.4851, 36.9878], [-76.4848, 36.9876], [-76.4847, 36.9875], [-76.4833, 36.9865], [-76.4814, 36.9851], [-76.4754, 36.9807], [-76.4737, 36.9795], [-76.4715, 36.9779], [-76.4696, 36.9763], [-76.4682, 36.975], [-76.4674, 36.9741], [-76.4671, 36.9738], [-76.4663, 36.973], [-76.4646, 36.9713], [-76.4639, 36.9705], [-76.4622, 36.9685], [-76.4601, 36.9658], [-76.459, 36.9639], [-76.4587, 36.9632], [-76.4571, 36.9606], [-76.4556, 36.9578], [-76.4542, 36.9555], [-76.4524, 36.9528], [-76.4498, 36.9483], [-76.4474, 36.9448], [-76.4454, 36.9424], [-76.4453, 36.9419], [-76.4446, 36.9411], [-76.4425, 36.9393], [-76.4391, 36.9371], [-76.436, 36.9357], [-76.4348, 36.9353], [-76.4325, 36.9349], [-76.4285, 36.9342], [-76.423, 36.9333], [-76.418, 36.9323], [-76.4124, 36.9315], [-76.4123, 36.9314], [-76.412, 36.9314], [-76.4107, 36.9312], [-76.4073, 36.9308], [-76.4072, 36.9308], [-76.4071, 36.9308], [-76.407, 36.9308], [-76.4068, 36.9308], [-76.4067, 36.9308], [-76.4066, 36.9308], [-76.4028, 36.9307], [-76.4008, 36.9307], [-76.3996, 36.9309], [-76.3859, 36.9496], [-76.3848, 36.9507], [-76.3844, 36.9511], [-76.3826, 36.9525], [-76.3786, 36.9556], [-76.3747, 36.9588], [-76.3719, 36.9609], [-76.3692, 36.9631], [-76.3616, 36.9691], [-76.3716, 36.977], [-76.3742, 36.979], [-76.3744, 36.9792], [-76.3747, 36.9794], [-76.3807, 36.9842], [-76.3867, 36.9889], [-76.3871, 36.9893], [-76.3876, 36.9896], [-76.3878, 36.9897], [-76.3884, 36.9902], [-76.3886, 36.9903], [-76.3895, 36.991], [-76.3904, 36.9917], [-76.3912, 36.9923], [-76.392, 36.9929], [-76.3922, 36.9931], [-76.3932, 36.9938], [-76.3936, 36.9942], [-76.3941, 36.9945], [-76.3949, 36.9951], [-76.3953, 36.9954], [-76.3953, 36.9955], [-76.3955, 36.9953], [-76.3961, 36.9948], [-76.3962, 36.9948], [-76.3966, 36.9944], [-76.3975, 36.9952], [-76.3981, 36.9956], [-76.3982, 36.9957], [-76.3984, 36.9958], [-76.3985, 36.9959], [-76.3989, 36.9962], [-76.3991, 36.9964], [-76.3994, 36.9966], [-76.3998, 36.9969], [-76.4001, 36.9972], [-76.4005, 36.9975], [-76.4007, 36.9974], [-76.401, 36.9973], [-76.4013, 36.9972], [-76.4014, 36.9972], [-76.4016, 36.9971], [-76.4015, 36.9966], [-76.4013, 36.9961], [-76.4012, 36.9957], [-76.4012, 36.9955], [-76.4005, 36.9935], [-76.4004, 36.9928], [-76.4003, 36.9923], [-76.4001, 36.9922], [-76.4001, 36.9921], [-76.3999, 36.9918], [-76.3998, 36.9918], [-76.3997, 36.9917], [-76.3993, 36.9914], [-76.3994, 36.9913], [-76.3996, 36.9911], [-76.3999, 36.9909], [-76.4, 36.991], [-76.4005, 36.9911], [-76.4006, 36.9912], [-76.4007, 36.9914], [-76.4007, 36.9915], [-76.401, 36.9915], [-76.4012, 36.9914], [-76.4014, 36.9914], [-76.4015, 36.9915], [-76.4015, 36.9916], [-76.4016, 36.9916], [-76.4017, 36.9916], [-76.4018, 36.9916], [-76.4018, 36.9917], [-76.4019, 36.9917], [-76.4019, 36.9916], [-76.402, 36.9916], [-76.402, 36.9917], [-76.4021, 36.9917], [-76.4021, 36.9918], [-76.4022, 36.9918], [-76.4023, 36.9918], [-76.4024, 36.9918], [-76.4025, 36.9919], [-76.4025, 36.992], [-76.4026, 36.9921], [-76.4025, 36.9922], [-76.4025, 36.9923], [-76.4025, 36.9924], [-76.4026, 36.9925], [-76.4027, 36.9925], [-76.4028, 36.9925], [-76.4029, 36.9926], [-76.4029, 36.9927], [-76.403, 36.9928], [-76.4031, 36.9928], [-76.4032, 36.9929], [-76.4033, 36.993], [-76.4034, 36.993], [-76.4035, 36.9931], [-76.4036, 36.9931], [-76.4037, 36.9932], [-76.4038, 36.9932], [-76.4038, 36.9933], [-76.4039, 36.9933], [-76.4041, 36.9934], [-76.4042, 36.9934], [-76.4043, 36.9934], [-76.4044, 36.9934], [-76.4046, 36.9936], [-76.4047, 36.9936], [-76.4048, 36.9936], [-76.405, 36.9936], [-76.4052, 36.994], [-76.4055, 36.9944], [-76.4061, 36.9954], [-76.4066, 36.9961], [-76.4067, 36.9962], [-76.4068, 36.9964], [-76.407, 36.9967], [-76.4073, 36.9972], [-76.4074, 36.9974], [-76.4077, 36.9979], [-76.4079, 36.9983], [-76.408, 36.9983], [-76.408, 36.9984], [-76.4081, 36.9986], [-76.4082, 36.9988], [-76.409, 37.0001], [-76.4092, 37.0004], [-76.4096, 37.0011], [-76.4099, 37.0016], [-76.41, 37.0016], [-76.41, 37.0017], [-76.4104, 37.0023], [-76.4105, 37.0026], [-76.4112, 37.0036], [-76.4115, 37.004], [-76.412, 37.0048], [-76.4126, 37.0058], [-76.4127, 37.0059], [-76.4129, 37.0063], [-76.4132, 37.0067], [-76.4137, 37.0075], [-76.4137, 37.0076], [-76.4142, 37.0084], [-76.4144, 37.0087], [-76.4146, 37.0091], [-76.4151, 37.0099], [-76.4152, 37.0101], [-76.4164, 37.0119], [-76.4167, 37.0124], [-76.4169, 37.0128], [-76.417, 37.0129], [-76.4172, 37.0133], [-76.4176, 37.0139], [-76.4177, 37.0141], [-76.419, 37.0162], [-76.4202, 37.018], [-76.421, 37.0192], [-76.421, 37.0193], [-76.4212, 37.0196], [-76.4213, 37.0197], [-76.4214, 37.02], [-76.4216, 37.0203], [-76.4218, 37.0205], [-76.4219, 37.0208], [-76.422, 37.0209], [-76.4225, 37.0217], [-76.4228, 37.0222], [-76.4232, 37.0229], [-76.424, 37.0243], [-76.4244, 37.0249], [-76.4247, 37.0254], [-76.4265, 37.0247], [-76.4272, 37.0244], [-76.428, 37.0241], [-76.4284, 37.0239], [-76.432, 37.0225], [-76.434, 37.0217], [-76.4361, 37.0209], [-76.4382, 37.02], [-76.4393, 37.0196], [-76.4402, 37.0192], [-76.4415, 37.0187], [-76.4421, 37.0185], [-76.4422, 37.0185], [-76.4424, 37.0188], [-76.4425, 37.0195], [-76.4425, 37.02], [-76.4425, 37.0201], [-76.4424, 37.0202], [-76.4423, 37.0202], [-76.4423, 37.0203], [-76.4422, 37.0203], [-76.4421, 37.0204], [-76.442, 37.0204], [-76.4419, 37.0204], [-76.4418, 37.0204], [-76.4417, 37.0205], [-76.4414, 37.0205], [-76.4411, 37.0206], [-76.441, 37.0207], [-76.4409, 37.0208], [-76.4408, 37.0209], [-76.4407, 37.021], [-76.4407, 37.0211], [-76.4407, 37.0213], [-76.4407, 37.0215], [-76.4407, 37.0216], [-76.4409, 37.0222], [-76.4422, 37.0259], [-76.4424, 37.0266], [-76.4426, 37.0271], [-76.4426, 37.0272], [-76.4427, 37.0276], [-76.4426, 37.0283], [-76.4426, 37.0287], [-76.4426, 37.0289], [-76.4427, 37.029], [-76.4428, 37.0292], [-76.4429, 37.0292], [-76.443, 37.0293], [-76.4431, 37.0294], [-76.4434, 37.0297], [-76.4438, 37.03], [-76.4439, 37.0301], [-76.4439, 37.0302], [-76.4439, 37.0303], [-76.4439, 37.0304], [-76.4439, 37.0305], [-76.444, 37.0305], [-76.4442, 37.0307], [-76.4443, 37.0309], [-76.4444, 37.031], [-76.4445, 37.0311], [-76.4446, 37.0312], [-76.4448, 37.0314], [-76.445, 37.0317], [-76.4451, 37.0318], [-76.4452, 37.032], [-76.4453, 37.0321], [-76.4454, 37.0323], [-76.4455, 37.0323], [-76.4455, 37.0324], [-76.4457, 37.0326], [-76.4467, 37.0345], [-76.4468, 37.0345], [-76.4468, 37.0346], [-76.4469, 37.0347], [-76.447, 37.0348], [-76.4473, 37.0353], [-76.4479, 37.036], [-76.448, 37.0361], [-76.4482, 37.0363], [-76.4484, 37.0365], [-76.4485, 37.0366], [-76.4486, 37.0367], [-76.4489, 37.0372], [-76.4491, 37.0374], [-76.4491, 37.0376], [-76.4491, 37.0377], [-76.4492, 37.0378], [-76.4492, 37.038], [-76.4493, 37.0388], [-76.4494, 37.0388], [-76.4494, 37.0391], [-76.4494, 37.0392], [-76.4494, 37.0393], [-76.4495, 37.0394], [-76.4494, 37.0394], [-76.4494, 37.0395], [-76.4494, 37.0396], [-76.4494, 37.0398], [-76.4494, 37.0399], [-76.4493, 37.04], [-76.4493, 37.0402], [-76.4492, 37.0404], [-76.4492, 37.0405], [-76.4492, 37.0406], [-76.4492, 37.0407], [-76.4492, 37.0409], [-76.4492, 37.041], [-76.4492, 37.0411], [-76.4492, 37.0413], [-76.4492, 37.0414], [-76.4493, 37.0414], [-76.4493, 37.0415], [-76.4494, 37.0417], [-76.4494, 37.0418], [-76.4494, 37.0419], [-76.4495, 37.0419], [-76.4495, 37.0421], [-76.4495, 37.0422], [-76.4496, 37.0423], [-76.4496, 37.0424], [-76.4497, 37.0427], [-76.4497, 37.0428], [-76.4497, 37.0429], [-76.4497, 37.0432], [-76.4497, 37.0433], [-76.4498, 37.0439], [-76.45, 37.0442], [-76.4501, 37.0444], [-76.4502, 37.045], [-76.4503, 37.0457], [-76.4504, 37.0464], [-76.4504, 37.0467], [-76.4504, 37.047], [-76.4505, 37.0475], [-76.4505, 37.0479], [-76.4505, 37.0483], [-76.4505, 37.0485], [-76.4505, 37.0495], [-76.4504, 37.0499], [-76.4504, 37.0503], [-76.4502, 37.051], [-76.4502, 37.0511], [-76.45, 37.0516], [-76.4499, 37.0519], [-76.4497, 37.0523], [-76.4495, 37.0526], [-76.4491, 37.0531], [-76.4483, 37.0541], [-76.4481, 37.0544], [-76.448, 37.0547], [-76.4481, 37.055], [-76.4482, 37.0552], [-76.4483, 37.0554], [-76.4486, 37.0556], [-76.449, 37.0559], [-76.4493, 37.0562], [-76.4497, 37.0566], [-76.45, 37.0569], [-76.45, 37.057], [-76.4502, 37.0573], [-76.4502, 37.0575], [-76.4502, 37.0576], [-76.4503, 37.0578], [-76.4504, 37.0584], [-76.4504, 37.0591], [-76.4504, 37.0596], [-76.4504, 37.0599], [-76.4504, 37.0601], [-76.4503, 37.0604], [-76.4501, 37.0607], [-76.45, 37.0609], [-76.4498, 37.0612], [-76.4497, 37.0614], [-76.4496, 37.0616], [-76.4496, 37.0618], [-76.4494, 37.0623], [-76.4493, 37.0627], [-76.4492, 37.0631], [-76.4491, 37.0632], [-76.4491, 37.0635], [-76.449, 37.0637], [-76.4489, 37.064], [-76.4488, 37.0643], [-76.4487, 37.0645], [-76.4485, 37.0648], [-76.4483, 37.065], [-76.448, 37.0655], [-76.4478, 37.0658], [-76.4475, 37.0661], [-76.4474, 37.0663], [-76.4473, 37.0665], [-76.4471, 37.0668], [-76.447, 37.067], [-76.4469, 37.0672], [-76.4468, 37.0675], [-76.4468, 37.0676], [-76.4468, 37.0677], [-76.4467, 37.068], [-76.4466, 37.0686], [-76.4467, 37.0704], [-76.4468, 37.0708], [-76.4468, 37.0711], [-76.447, 37.0715], [-76.4472, 37.0718], [-76.4473, 37.0719], [-76.4476, 37.0723], [-76.4477, 37.0725], [-76.4479, 37.0727], [-76.4484, 37.0731], [-76.4494, 37.0742], [-76.4496, 37.0744], [-76.4498, 37.0746], [-76.4499, 37.0751], [-76.4502, 37.0758], [-76.4504, 37.0764], [-76.4505, 37.0765], [-76.4507, 37.0766], [-76.4508, 37.0767], [-76.4512, 37.077], [-76.4513, 37.077], [-76.4507, 37.0776], [-76.4496, 37.0786], [-76.449, 37.0792], [-76.4488, 37.0793], [-76.4469, 37.0811], [-76.4441, 37.0838], [-76.4426, 37.0852], [-76.442, 37.085], [-76.4412, 37.0847], [-76.4404, 37.0849], [-76.4403, 37.0853], [-76.4402, 37.0856], [-76.4401, 37.0859], [-76.4401, 37.086], [-76.44, 37.0864], [-76.44, 37.0866], [-76.44, 37.0867], [-76.4399, 37.0868], [-76.4397, 37.0877], [-76.4397, 37.0879], [-76.4396, 37.0882], [-76.4396, 37.0885], [-76.4395, 37.0887], [-76.4395, 37.0889], [-76.4395, 37.089], [-76.4395, 37.0891], [-76.4394, 37.0895], [-76.4394, 37.0897], [-76.4393, 37.0901], [-76.4392, 37.0908], [-76.4392, 37.0909], [-76.4389, 37.0908], [-76.4387, 37.0907], [-76.4386, 37.0907], [-76.4383, 37.0907], [-76.4381, 37.0906], [-76.4372, 37.0904], [-76.4369, 37.0904], [-76.437, 37.0919], [-76.4372, 37.092], [-76.4374, 37.0922], [-76.4376, 37.0924], [-76.4377, 37.0924], [-76.4378, 37.0925], [-76.4378, 37.0926], [-76.4378, 37.0927], [-76.4377, 37.094], [-76.4377, 37.0942], [-76.438, 37.0943], [-76.4385, 37.0946], [-76.4394, 37.095], [-76.4406, 37.0948], [-76.4411, 37.0947], [-76.4416, 37.0946], [-76.4434, 37.0945], [-76.4448, 37.0947], [-76.4457, 37.0951], [-76.4469, 37.0956], [-76.4475, 37.0959], [-76.4481, 37.0962], [-76.449, 37.0964], [-76.4496, 37.0966], [-76.4502, 37.0968], [-76.4505, 37.097], [-76.4507, 37.0972], [-76.4512, 37.098], [-76.4514, 37.0983], [-76.4515, 37.0984], [-76.4518, 37.0985], [-76.4523, 37.0984], [-76.453, 37.0983], [-76.4536, 37.0982], [-76.4539, 37.0982], [-76.454, 37.0983], [-76.4544, 37.0986], [-76.4548, 37.0988], [-76.4551, 37.099], [-76.4552, 37.099], [-76.4555, 37.0992], [-76.4557, 37.0993], [-76.4563, 37.0996], [-76.4566, 37.0998], [-76.457, 37.1], [-76.4574, 37.1003], [-76.4577, 37.1004], [-76.4578, 37.1005], [-76.4579, 37.1006], [-76.4581, 37.1006], [-76.4582, 37.1007], [-76.4583, 37.1007], [-76.4584, 37.1007], [-76.4585, 37.1007], [-76.4586, 37.1007], [-76.4587, 37.1007], [-76.4588, 37.1008], [-76.4589, 37.1008], [-76.459, 37.1008], [-76.459, 37.1009], [-76.4591, 37.1009], [-76.4591, 37.101], [-76.4591, 37.1011], [-76.4594, 37.1014], [-76.4608, 37.103], [-76.4634, 37.106], [-76.465, 37.1078], [-76.4661, 37.109], [-76.4669, 37.1099], [-76.4678, 37.1108], [-76.4681, 37.1112], [-76.4684, 37.1115], [-76.4696, 37.1129], [-76.4702, 37.1136], [-76.4708, 37.1143], [-76.471, 37.1144], [-76.471, 37.1145], [-76.4712, 37.1147], [-76.4719, 37.1155], [-76.4721, 37.1157], [-76.4726, 37.1163], [-76.4727, 37.1164], [-76.4728, 37.1165], [-76.473, 37.1167], [-76.4768, 37.121], [-76.4802, 37.1249], [-76.4808, 37.1256], [-76.4812, 37.126], [-76.4813, 37.1261], [-76.4815, 37.1263], [-76.4817, 37.1265], [-76.482, 37.1269], [-76.4823, 37.1272], [-76.4825, 37.1275], [-76.4836, 37.1287], [-76.4848, 37.13], [-76.4853, 37.1306], [-76.4854, 37.1307], [-76.4857, 37.131], [-76.4868, 37.1323], [-76.4881, 37.1338], [-76.4882, 37.1339], [-76.4909, 37.1369], [-76.4926, 37.1388], [-76.4947, 37.1411], [-76.4966, 37.1434], [-76.4967, 37.1434], [-76.5002, 37.1474], [-76.5003, 37.1475], [-76.5008, 37.1481], [-76.5009, 37.1482], [-76.501, 37.1483], [-76.5014, 37.1488], [-76.5022, 37.1496], [-76.5036, 37.1512], [-76.506, 37.1539], [-76.506, 37.154], [-76.5061, 37.1541], [-76.5062, 37.1542], [-76.5063, 37.1542], [-76.5062, 37.1543], [-76.5053, 37.1553], [-76.5052, 37.1554], [-76.5049, 37.1558], [-76.5045, 37.1562], [-76.5056, 37.1572], [-76.5056, 37.1573], [-76.5049, 37.158], [-76.5045, 37.1585], [-76.5051, 37.1593], [-76.507, 37.1621], [-76.5076, 37.1629], [-76.5105, 37.167], [-76.5141, 37.172], [-76.5142, 37.1721], [-76.5149, 37.1731], [-76.515, 37.1732], [-76.5151, 37.1732], [-76.5151, 37.1733], [-76.5151, 37.1734], [-76.515, 37.1737], [-76.5149, 37.1744], [-76.5149, 37.1747], [-76.5148, 37.1752], [-76.5148, 37.1754], [-76.5148, 37.1756], [-76.5148, 37.1757], [-76.5148, 37.1759], [-76.5148, 37.1761], [-76.5149, 37.1762], [-76.515, 37.1763], [-76.5151, 37.1765], [-76.5152, 37.1766], [-76.5153, 37.1767], [-76.5158, 37.1774], [-76.5162, 37.1779], [-76.5162, 37.178], [-76.5164, 37.1783], [-76.5168, 37.1786], [-76.5169, 37.1788], [-76.5172, 37.1788], [-76.5172, 37.1787], [-76.5174, 37.1786], [-76.5217, 37.1772], [-76.5218, 37.1772], [-76.522, 37.1772], [-76.5222, 37.1771], [-76.5224, 37.1771], [-76.5226, 37.177], [-76.5228, 37.177], [-76.523, 37.177], [-76.5232, 37.1769], [-76.5233, 37.1769], [-76.5241, 37.1769], [-76.5243, 37.1769], [-76.5244, 37.1769], [-76.5247, 37.1769], [-76.5247, 37.1766], [-76.5247, 37.1764], [-76.5249, 37.1764], [-76.525, 37.1764], [-76.5252, 37.1766], [-76.5253, 37.1766], [-76.5262, 37.1767], [-76.5263, 37.1767], [-76.5266, 37.1771], [-76.5268, 37.1774], [-76.5303, 37.1812], [-76.5303, 37.1813], [-76.5304, 37.1813], [-76.5306, 37.1816], [-76.5328, 37.1841], [-76.533, 37.1843], [-76.5334, 37.1848], [-76.534, 37.1854], [-76.5344, 37.1859], [-76.5346, 37.1862], [-76.5353, 37.1869], [-76.5375, 37.1893], [-76.538, 37.1899], [-76.5396, 37.1917], [-76.5397, 37.1918], [-76.5401, 37.1923], [-76.5451, 37.1979], [-76.5464, 37.1994], [-76.5481, 37.2013], [-76.5523, 37.206], [-76.5538, 37.2077], [-76.5544, 37.2083], [-76.5553, 37.2093], [-76.5558, 37.2099], [-76.5561, 37.2103], [-76.5565, 37.2108], [-76.5567, 37.211], [-76.557, 37.2113], [-76.5578, 37.2122], [-76.5589, 37.2134], [-76.5604, 37.2151], [-76.5606, 37.2153], [-76.5608, 37.2155], [-76.5618, 37.2167], [-76.5631, 37.2182], [-76.564, 37.2192], [-76.5642, 37.2194], [-76.5652, 37.2205], [-76.5656, 37.22], [-76.5657, 37.2199], [-76.5664, 37.219], [-76.5671, 37.2181], [-76.5674, 37.2177], [-76.5676, 37.2177], [-76.5681, 37.2176], [-76.5689, 37.2175], [-76.5691, 37.2174], [-76.5698, 37.2173], [-76.5701, 37.2173], [-76.5705, 37.2172], [-76.5705, 37.217], [-76.5706, 37.2165], [-76.5706, 37.2161], [-76.5707, 37.2158], [-76.5708, 37.2157], [-76.5709, 37.2153], [-76.5713, 37.2154], [-76.5716, 37.2154], [-76.5721, 37.2155], [-76.5736, 37.2156], [-76.574, 37.2157], [-76.5747, 37.2157], [-76.5749, 37.2144], [-76.575, 37.2142], [-76.575, 37.2139], [-76.575, 37.2137], [-76.5751, 37.2133], [-76.5752, 37.213], [-76.5754, 37.213], [-76.5759, 37.2131], [-76.5763, 37.2132], [-76.5767, 37.2132], [-76.577, 37.2132], [-76.5771, 37.2132], [-76.5772, 37.2132], [-76.5776, 37.2131], [-76.5779, 37.2131], [-76.5781, 37.2131], [-76.5786, 37.2131], [-76.5789, 37.2131], [-76.5791, 37.2131], [-76.5792, 37.2131], [-76.5793, 37.2131], [-76.5795, 37.2131], [-76.5796, 37.2131], [-76.5798, 37.2131], [-76.5802, 37.2131], [-76.5805, 37.2131], [-76.5808, 37.213], [-76.5814, 37.2129], [-76.5816, 37.2129], [-76.5817, 37.2129], [-76.5822, 37.2129], [-76.5831, 37.213], [-76.5831, 37.2127], [-76.5831, 37.2125], [-76.5854, 37.2127], [-76.5873, 37.2129], [-76.5879, 37.2129], [-76.5891, 37.213], [-76.5892, 37.213], [-76.59, 37.2131], [-76.5909, 37.2132], [-76.5913, 37.2132], [-76.5913, 37.213], [-76.5914, 37.2128], [-76.5913, 37.2121], [-76.5914, 37.2118], [-76.5915, 37.2112], [-76.5915, 37.2111], [-76.5916, 37.2108], [-76.5916, 37.2107], [-76.5917, 37.2105], [-76.5918, 37.2103], [-76.5919, 37.2101], [-76.5919, 37.2099], [-76.5919, 37.2098], [-76.5918, 37.2095], [-76.5918, 37.2094], [-76.5918, 37.2093], [-76.5917, 37.2088], [-76.5915, 37.208], [-76.5913, 37.2072], [-76.5909, 37.2064], [-76.5906, 37.206], [-76.5905, 37.2057], [-76.5904, 37.2057], [-76.5901, 37.2052], [-76.5895, 37.2045], [-76.5893, 37.2043], [-76.5892, 37.2041], [-76.5891, 37.204], [-76.5889, 37.2039], [-76.5887, 37.2038], [-76.5886, 37.2037], [-76.5885, 37.2036], [-76.5872, 37.2027], [-76.5865, 37.2019], [-76.5855, 37.2008], [-76.5854, 37.2007], [-76.5854, 37.2006], [-76.5854, 37.2005], [-76.5853, 37.2004], [-76.5853, 37.2003], [-76.5853, 37.2002], [-76.5853, 37.2001], [-76.5852, 37.2], [-76.5852, 37.1999], [-76.5852, 37.1998], [-76.5852, 37.1997], [-76.5852, 37.1996], [-76.5848, 37.1989], [-76.5847, 37.1987], [-76.5847, 37.1986], [-76.5846, 37.1985], [-76.5844, 37.198], [-76.5843, 37.1976], [-76.5834, 37.1951], [-76.5827, 37.195], [-76.5822, 37.1949], [-76.5821, 37.1948], [-76.5821, 37.1946], [-76.5825, 37.1942], [-76.5827, 37.1937], [-76.5827, 37.1936], [-76.5828, 37.1936], [-76.5829, 37.1936], [-76.583, 37.1935], [-76.5832, 37.1935], [-76.5833, 37.1934], [-76.5834, 37.1933], [-76.5834, 37.1932], [-76.5833, 37.1931], [-76.5832, 37.193], [-76.5828, 37.1929], [-76.5828, 37.193], [-76.5827, 37.193], [-76.5827, 37.1929], [-76.5826, 37.1929], [-76.5825, 37.1928], [-76.5824, 37.1928], [-76.5823, 37.1928], [-76.5821, 37.1928], [-76.582, 37.1928], [-76.5819, 37.1928], [-76.5818, 37.1929], [-76.5814, 37.1929], [-76.5801, 37.1927], [-76.58, 37.1927], [-76.58, 37.1926], [-76.58, 37.1925], [-76.5801, 37.1925], [-76.5801, 37.1923], [-76.5802, 37.1917], [-76.5802, 37.1915], [-76.5803, 37.1914], [-76.5803, 37.1913], [-76.5802, 37.1912], [-76.5802, 37.1911], [-76.5802, 37.191], [-76.5801, 37.1909], [-76.5802, 37.1909], [-76.5802, 37.1907], [-76.578, 37.1905], [-76.5779, 37.1903], [-76.5779, 37.1902], [-76.578, 37.1901], [-76.578, 37.19], [-76.578, 37.1899], [-76.578, 37.1898], [-76.5781, 37.1897], [-76.578, 37.1896], [-76.578, 37.1895], [-76.578, 37.1894], [-76.578, 37.1893], [-76.5781, 37.1891], [-76.5783, 37.1888], [-76.5785, 37.1887], [-76.579, 37.1886], [-76.5796, 37.1887], [-76.58, 37.1886], [-76.58, 37.1884], [-76.58, 37.1883], [-76.58, 37.1882], [-76.5799, 37.1881], [-76.5798, 37.188], [-76.5797, 37.188], [-76.5796, 37.188], [-76.5795, 37.188], [-76.5794, 37.1879], [-76.5788, 37.1877], [-76.5785, 37.1877], [-76.5784, 37.1877], [-76.5783, 37.1876], [-76.5782, 37.1876], [-76.5782, 37.1875], [-76.5781, 37.1875], [-76.5781, 37.1874], [-76.5781, 37.1873], [-76.578, 37.1873], [-76.578, 37.1872], [-76.578, 37.1871], [-76.578, 37.187], [-76.578, 37.1869], [-76.578, 37.1868], [-76.5783, 37.1866], [-76.5783, 37.1865], [-76.5786, 37.1863], [-76.5795, 37.186], [-76.5803, 37.1856], [-76.5805, 37.1855], [-76.5811, 37.1853], [-76.5811, 37.1851], [-76.5811, 37.185], [-76.5811, 37.1849], [-76.5811, 37.1848], [-76.5811, 37.1847], [-76.5811, 37.1846], [-76.5811, 37.1845], [-76.581, 37.1845], [-76.581, 37.1844], [-76.5809, 37.1844], [-76.5809, 37.1843], [-76.581, 37.1843], [-76.581, 37.1841], [-76.581, 37.184], [-76.5811, 37.1838], [-76.5811, 37.1837], [-76.5811, 37.1835], [-76.5812, 37.1835], [-76.5812, 37.1833], [-76.5813, 37.1831], [-76.5813, 37.183], [-76.5813, 37.1829], [-76.5812, 37.1828], [-76.5812, 37.1827], [-76.5812, 37.1826], [-76.5812, 37.1825], [-76.5813, 37.1825], [-76.5817, 37.1821], [-76.5824, 37.182], [-76.5831, 37.1821], [-76.5836, 37.1824], [-76.5842, 37.1828], [-76.5846, 37.1826], [-76.5843, 37.1817], [-76.5843, 37.1811], [-76.5844, 37.181], [-76.5845, 37.1809], [-76.5853, 37.1804], [-76.5861, 37.1801], [-76.587, 37.1802], [-76.5879, 37.1805], [-76.5891, 37.181], [-76.5903, 37.1815], [-76.5909, 37.1815], [-76.592, 37.1806], [-76.5927, 37.18], [-76.5933, 37.1796], [-76.5943, 37.179], [-76.5949, 37.1787], [-76.5954, 37.1784], [-76.5979, 37.1782], [-76.5985, 37.1776], [-76.5986, 37.1775], [-76.5987, 37.1775], [-76.5987, 37.1774], [-76.5988, 37.1774], [-76.5989, 37.1774], [-76.599, 37.1773], [-76.5992, 37.1772], [-76.5994, 37.177], [-76.5994, 37.1769], [-76.5995, 37.1768], [-76.5995, 37.1767], [-76.5995, 37.1766], [-76.5995, 37.1765], [-76.5997, 37.1763], [-76.6007, 37.1752], [-76.6008, 37.1751], [-76.6009, 37.1751], [-76.601, 37.1751], [-76.6011, 37.1751], [-76.6013, 37.1751], [-76.6014, 37.175], [-76.6015, 37.175], [-76.6015, 37.1749], [-76.6016, 37.1748], [-76.6016, 37.1747], [-76.6016, 37.1746], [-76.6016, 37.1745], [-76.6015, 37.1744], [-76.6015, 37.1743], [-76.6019, 37.1739], [-76.6025, 37.1731], [-76.6028, 37.1727], [-76.6029, 37.1726], [-76.6038, 37.172], [-76.6042, 37.1717], [-76.6045, 37.1713], [-76.6045, 37.1712], [-76.6047, 37.1709], [-76.6048, 37.1706], [-76.6072, 37.1689], [-76.6086, 37.1683], [-76.609, 37.1681], [-76.611, 37.1671], [-76.6116, 37.1668], [-76.6169, 37.1637], [-76.6411, 37.1546], [-76.6416, 37.1538], [-76.6416, 37.1534], [-76.6432, 37.1392], [-76.6435, 37.1371], [-76.644, 37.1353], [-76.6458, 37.1287], [-76.646, 37.128], [-76.6461, 37.1274]]]}}, {"type": "Feature", "properties": {"region": "dc", "name": "District of Columbia"}, "geometry": {"type": "Polygon", "coordinates": [[[-77.1198, 38.9343], [-77.1197, 38.9342], [-77.1196, 38.9342], [-77.1196, 38.9341], [-77.1195, 38.934], [-77.1195, 38.9339], [-77.1194, 38.9339], [-77.1194, 38.9338], [-77.1193, 38.9338], [-77.1193, 38.9337], [-77.1193, 38.9336], [-77.1192, 38.9336], [-77.1192, 38.9335], [-77.1191, 38.9335], [-77.1191, 38.9334], [-77.119, 38.9333], [-77.119, 38.9332], [-77.1189, 38.9332], [-77.1189, 38.9331], [-77.1189, 38.933], [-77.1188, 38.933], [-77.1188, 38.9329], [-77.1187, 38.9329], [-77.1187, 38.9328], [-77.1186, 38.9328], [-77.1186, 38.9327], [-77.1186, 38.9326], [-77.1185, 38.9326], [-77.1185, 38.9325], [-77.1184, 38.9325], [-77.1184, 38.9324], [-77.1183, 38.9323], [-77.1183, 38.9322], [-77.1182, 38.9322], [-77.1182, 38.9321], [-77.1181, 38.932], [-77.1181, 38.9319], [-77.118, 38.9319], [-77.118, 38.9318], [-77.1179, 38.9318], [-77.1179, 38.9317], [-77.1179, 38.9316], [-77.1178, 38.9316], [-77.1178, 38.9315], [-77.1177, 38.9315], [-77.1177, 38.9314], [-77.1177, 38.9313], [-77.1176, 38.9313], [-77.1176, 38.9312], [-77.1175, 38.9312], [-77.1175, 38.9311], [-77.1174, 38.931], [-77.1174, 38.9309], [-77.1173, 38.9309], [-77.1173, 38.9308], [-77.1172, 38.9307], [-77.1172, 38.9306], [-77.1171, 38.9306], [-77.1171, 38.9305], [-77.117, 38.9305], [-77.117, 38.9304], [-77.117, 38.9303], [-77.1169, 38.9303], [-77.1169, 38.9302], [-77.1168, 38.9302], [-77.1168, 38.9301], [-77.1168, 38.93], [-77.1167, 38.93], [-77.1167, 38.9299], [-77.1166, 38.9299], [-77.1166, 38.9298], [-77.1165, 38.9297], [-77.1165, 38.9296], [-77.1164, 38.9296], [-77.1164, 38.9295], [-77.1164, 38.9294], [-77.1165, 38.9294], [-77.1164, 38.9293], [-77.1164, 38.9292], [-77.1164, 38.9291], [-77.1163, 38.929], [-77.1163, 38.9289], [-77.1163, 38.9288], [-77.1162, 38.9288], [-77.1162, 38.9287], [-77.1162, 38.9286], [-77.1162, 38.9285], [-77.1161, 38.9285], [-77.1161, 38.9284], [-77.116, 38.9284], [-77.116, 38.9283], [-77.116, 38.9282], [-77.1159, 38.9282], [-77.1159, 38.9281], [-77.1158, 38.9281], [-77.1158, 38.928], [-77.1157, 38.928], [-77.1157, 38.9279], [-77.1156, 38.9279], [-77.1156, 38.9278], [-77.1155, 38.9278], [-77.1155, 38.9277], [-77.1154, 38.9277], [-77.1154, 38.9276], [-77.1154, 38.9277], [-77.1153, 38.9277], [-77.1153, 38.9276], [-77.1153, 38.9275], [-77.1152, 38.9275], [-77.1152, 38.9274], [-77.1151, 38.9274], [-77.115, 38.9274], [-77.1149, 38.9273], [-77.1149, 38.9274], [-77.115, 38.9274], [-77.1149, 38.9274], [-77.1149, 38.9273], [-77.1148, 38.9273], [-77.1148, 38.9272], [-77.1148, 38.9271], [-77.1147, 38.9271], [-77.1146, 38.927], [-77.1146, 38.9269], [-77.1145, 38.9269], [-77.1145, 38.9268], [-77.1144, 38.9268], [-77.1144, 38.9267], [-77.1144, 38.9266], [-77.1143, 38.9266], [-77.1142, 38.9266], [-77.1142, 38.9265], [-77.1142, 38.9264], [-77.1141, 38.9264], [-77.1141, 38.9263], [-77.114, 38.9263], [-77.114, 38.9262], [-77.114, 38.9261], [-77.1139, 38.9261], [-77.1139, 38.926], [-77.1138, 38.926], [-77.1138, 38.9259], [-77.1137, 38.9258], [-77.1137, 38.9259], [-77.1137, 38.9258], [-77.1136, 38.9258], [-77.1136, 38.9257], [-77.1136, 38.9258], [-77.1136, 38.9257], [-77.1135, 38.9257], [-77.1135, 38.9256], [-77.1134, 38.9256], [-77.1134, 38.9255], [-77.1134, 38.9254], [-77.1133, 38.9254], [-77.1132, 38.9254], [-77.1132, 38.9253], [-77.1131, 38.9252], [-77.113, 38.9251], [-77.1129, 38.9251], [-77.1129, 38.925], [-77.1128, 38.925], [-77.1129, 38.925], [-77.1128, 38.925], [-77.1128, 38.9249], [-77.1127, 38.9249], [-77.1128, 38.9249], [-77.1128, 38.9248], [-77.1127, 38.9248], [-77.1127, 38.9247], [-77.1126, 38.9246], [-77.1125, 38.9246], [-77.1125, 38.9245], [-77.1124, 38.9245], [-77.1124, 38.9244], [-77.1123, 38.9244], [-77.1123, 38.9245], [-77.1123, 38.9244], [-77.1122, 38.9244], [-77.1122, 38.9243], [-77.1121, 38.9243], [-77.112, 38.9243], [-77.112, 38.9242], [-77.112, 38.9241], [-77.1119, 38.9241], [-77.1118, 38.9241], [-77.1118, 38.924], [-77.1117, 38.924], [-77.1117, 38.9239], [-77.1116, 38.9239], [-77.1115, 38.9239], [-77.1115, 38.9238], [-77.1114, 38.9238], [-77.1114, 38.9237], [-77.1113, 38.9237], [-77.1113, 38.9236], [-77.1112, 38.9236], [-77.1112, 38.9235], [-77.1111, 38.9235], [-77.111, 38.9235], [-77.111, 38.9234], [-77.1109, 38.9234], [-77.1109, 38.9233], [-77.1108, 38.9233], [-77.1107, 38.9232], [-77.1106, 38.9232], [-77.1106, 38.9231], [-77.1106, 38.923], [-77.1105, 38.923], [-77.1104, 38.923], [-77.1104, 38.9229], [-77.1103, 38.9229], [-77.1103, 38.9228], [-77.1102, 38.9228], [-77.1101, 38.9228], [-77.1101, 38.9227], [-77.11, 38.9227], [-77.11, 38.9226], [-77.1099, 38.9226], [-77.1099, 38.9225], [-77.1098, 38.9225], [-77.1098, 38.9224], [-77.1097, 38.9224], [-77.1097, 38.9223], [-77.1096, 38.9223], [-77.1095, 38.9223], [-77.1095, 38.9222], [-77.1094, 38.9222], [-77.1094, 38.9221], [-77.1093, 38.9221], [-77.1092, 38.9221], [-77.1092, 38.922], [-77.1091, 38.922], [-77.1091, 38.9219], [-77.109, 38.9219], [-77.109, 38.9218], [-77.109, 38.9219], [-77.1089, 38.9219], [-77.1088, 38.9219], [-77.1088, 38.9218], [-77.1087, 38.9218], [-77.1088, 38.9218], [-77.1088, 38.9217], [-77.1087, 38.9217], [-77.1086, 38.9216], [-77.1085, 38.9216], [-77.1085, 38.9215], [-77.1084, 38.9215], [-77.1084, 38.9214], [-77.1084, 38.9213], [-77.1083, 38.9213], [-77.1082, 38.9213], [-77.1082, 38.9212], [-77.1082, 38.9211], [-77.1081, 38.9211], [-77.1081, 38.921], [-77.108, 38.921], [-77.108, 38.9209], [-77.1079, 38.9209], [-77.1078, 38.9209], [-77.1078, 38.9208], [-77.1077, 38.9208], [-77.1077, 38.9207], [-77.1076, 38.9207], [-77.1076, 38.9206], [-77.1076, 38.9205], [-77.1075, 38.9205], [-77.1075, 38.9204], [-77.1074, 38.9204], [-77.1073, 38.9203], [-77.1072, 38.9203], [-77.1073, 38.9203], [-77.1072, 38.9202], [-77.1071, 38.9202], [-77.107, 38.9201], [-77.107, 38.92], [-77.1069, 38.92], [-77.1068, 38.92], [-77.1068, 38.9199], [-77.1069, 38.9199], [-77.1069, 38.9198], [-77.1068, 38.9198], [-77.1068, 38.9197], [-77.1067, 38.9197], [-77.1067, 38.9196], [-77.1066, 38.9195], [-77.1066, 38.9196], [-77.1066, 38.9195], [-77.1065, 38.9195], [-77.1065, 38.9194], [-77.1065, 38.9193], [-77.1064, 38.9193], [-77.1063, 38.9193], [-77.1063, 38.9192], [-77.1063, 38.9191], [-77.1062, 38.9191], [-77.1062, 38.919], [-77.1062, 38.9189], [-77.1062, 38.9188], [-77.1061, 38.9188], [-77.1061, 38.9187], [-77.106, 38.9187], [-77.106, 38.9186], [-77.1059, 38.9186], [-77.1059, 38.9185], [-77.1059, 38.9184], [-77.1058, 38.9184], [-77.1058, 38.9183], [-77.1057, 38.9183], [-77.1057, 38.9182], [-77.1057, 38.9181], [-77.1057, 38.918], [-77.1057, 38.9179], [-77.1056, 38.9179], [-77.1056, 38.9178], [-77.1056, 38.9177], [-77.1056, 38.9176], [-77.1055, 38.9176], [-77.1055, 38.9175], [-77.1054, 38.9175], [-77.1054, 38.9174], [-77.1053, 38.9174], [-77.1053, 38.9173], [-77.1052, 38.9173], [-77.1051, 38.9173], [-77.1052, 38.9173], [-77.1052, 38.9172], [-77.1051, 38.9172], [-77.1051, 38.9171], [-77.105, 38.917], [-77.1049, 38.9169], [-77.1049, 38.9168], [-77.1048, 38.9168], [-77.1048, 38.9167], [-77.1047, 38.9167], [-77.1047, 38.9166], [-77.1047, 38.9165], [-77.1046, 38.9165], [-77.1045, 38.9164], [-77.1044, 38.9163], [-77.1044, 38.9162], [-77.1043, 38.9162], [-77.1042, 38.9161], [-77.1042, 38.916], [-77.1041, 38.9159], [-77.1041, 38.9158], [-77.1041, 38.9157], [-77.104, 38.9157], [-77.104, 38.9156], [-77.104, 38.9155], [-77.104, 38.9154], [-77.104, 38.9153], [-77.1039, 38.9153], [-77.1039, 38.9152], [-77.1038, 38.9152], [-77.1038, 38.9151], [-77.1038, 38.915], [-77.1037, 38.915], [-77.1037, 38.9149], [-77.1037, 38.9148], [-77.1036, 38.9148], [-77.1036, 38.9147], [-77.1036, 38.9146], [-77.1036, 38.9145], [-77.1036, 38.9144], [-77.1035, 38.9144], [-77.1035, 38.9143], [-77.1035, 38.9142], [-77.1035, 38.9141], [-77.1035, 38.914], [-77.1035, 38.9139], [-77.1035, 38.9138], [-77.1035, 38.9137], [-77.1035, 38.9136], [-77.1035, 38.9135], [-77.1035, 38.9134], [-77.1034, 38.9134], [-77.1034, 38.9133], [-77.1034, 38.9132], [-77.1033, 38.9132], [-77.1033, 38.9131], [-77.1032, 38.913], [-77.1032, 38.9129], [-77.1031, 38.9129], [-77.1031, 38.9128], [-77.103, 38.9127], [-77.1029, 38.9127], [-77.1029, 38.9126], [-77.1028, 38.9126], [-77.1027, 38.9126], [-77.1027, 38.9125], [-77.1027, 38.9124], [-77.1026, 38.9124], [-77.1025, 38.9124], [-77.1025, 38.9123], [-77.1024, 38.9123], [-77.1023, 38.9122], [-77.1023, 38.9121], [-77.1022, 38.9121], [-77.1021, 38.912], [-77.1021, 38.9119], [-77.102, 38.9119], [-77.1019, 38.9118], [-77.1018, 38.9118], [-77.1018, 38.9117], [-77.1017, 38.9117], [-77.1017, 38.9116], [-77.1016, 38.9116], [-77.1015, 38.9115], [-77.1015, 38.9116], [-77.1014, 38.9116], [-77.1014, 38.9115], [-77.1013, 38.9115], [-77.1013, 38.9114], [-77.1012, 38.9114], [-77.1011, 38.9114], [-77.1011, 38.9113], [-77.101, 38.9113], [-77.1009, 38.9112], [-77.1008, 38.9112], [-77.1007, 38.9111], [-77.1006, 38.911], [-77.1005, 38.911], [-77.1005, 38.9109], [-77.1004, 38.9109], [-77.1004, 38.9108], [-77.1003, 38.9108], [-77.1002, 38.9107], [-77.1001, 38.9107], [-77.1001, 38.9106], [-77.1, 38.9106], [-77.0999, 38.9105], [-77.0998, 38.9105], [-77.0998, 38.9104], [-77.0997, 38.9104], [-77.0997, 38.9103], [-77.0996, 38.9103], [-77.0995, 38.9102], [-77.0994, 38.9102], [-77.0994, 38.9101], [-77.0993, 38.9101], [-77.0992, 38.91], [-77.0991, 38.91], [-77.0991, 38.9099], [-77.099, 38.9099], [-77.099, 38.9098], [-77.0989, 38.9098], [-77.0988, 38.9097], [-77.0987, 38.9097], [-77.0987, 38.9096], [-77.0986, 38.9096], [-77.0986, 38.9095], [-77.0985, 38.9095], [-77.0984, 38.9095], [-77.0984, 38.9094], [-77.0983, 38.9094], [-77.0983, 38.9093], [-77.0982, 38.9093], [-77.0981, 38.9092], [-77.098, 38.9092], [-77.098, 38.9091], [-77.0979, 38.9091], [-77.0979, 38.909], [-77.0978, 38.909], [-77.0977, 38.909], [-77.0977, 38.9089], [-77.0976, 38.9089], [-77.0976, 38.9088], [-77.0975, 38.9088], [-77.0974, 38.9087], [-77.0973, 38.9087], [-77.0973, 38.9086], [-77.0972, 38.9086], [-77.0972, 38.9085], [-77.0971, 38.9085], [-77.097, 38.9085], [-77.097, 38.9084], [-77.0969, 38.9084], [-77.0969, 38.9083], [-77.0968, 38.9083], [-77.0967, 38.9082], [-77.0966, 38.9082], [-77.0966, 38.9081], [-77.0965, 38.9081], [-77.0965, 38.908], [-77.0964, 38.908], [-77.0963, 38.9079], [-77.0962, 38.9079], [-77.0962, 38.9078], [-77.0961, 38.9078], [-77.0961, 38.9077], [-77.096, 38.9077], [-77.0959, 38.9077], [-77.0959, 38.9076], [-77.0958, 38.9076], [-77.0958, 38.9075], [-77.0957, 38.9075], [-77.0956, 38.9074], [-77.0955, 38.9074], [-77.0955, 38.9073], [-77.0954, 38.9073], [-77.0954, 38.9072], [-77.0953, 38.9072], [-77.0952, 38.9071], [-77.0951, 38.9071], [-77.0951, 38.907], [-77.095, 38.907], [-77.0949, 38.9069], [-77.0948, 38.9069], [-77.0948, 38.9068], [-77.0947, 38.9068], [-77.0947, 38.9067], [-77.0946, 38.9067], [-77.0945, 38.9066], [-77.0944, 38.9066], [-77.0944, 38.9065], [-77.0943, 38.9065], [-77.0943, 38.9064], [-77.0942, 38.9064], [-77.0941, 38.9064], [-77.0941, 38.9063], [-77.094, 38.9063], [-77.094, 38.9062], [-77.0939, 38.9062], [-77.0938, 38.9062], [-77.0938, 38.9061], [-77.0937, 38.9061], [-77.0937, 38.906], [-77.0936, 38.906], [-77.0935, 38.9059], [-77.0934, 38.9059], [-77.0934, 38.9058], [-77.0933, 38.9058], [-77.0932, 38.9058], [-77.0932, 38.9057], [-77.0931, 38.9057], [-77.093, 38.9057], [-77.0929, 38.9057], [-77.0929, 38.9056], [-77.0928, 38.9056], [-77.0927, 38.9056], [-77.0926, 38.9056], [-77.0926, 38.9055], [-77.0925, 38.9055], [-77.0924, 38.9055], [-77.0923, 38.9055], [-77.0922, 38.9054], [-77.0921, 38.9054], [-77.092, 38.9054], [-77.0919, 38.9053], [-77.0914, 38.905], [-77.0909, 38.9047], [-77.0905, 38.9045], [-77.09, 38.9043], [-77.0895, 38.9041], [-77.0892, 38.904], [-77.089, 38.9039], [-77.0886, 38.9037], [-77.0883, 38.9036], [-77.088, 38.9035], [-77.0877, 38.9035], [-77.0876, 38.9035], [-77.0874, 38.9034], [-77.0871, 38.9033], [-77.0868, 38.9032], [-77.0867, 38.9031], [-77.0866, 38.903], [-77.0865, 38.903], [-77.0862, 38.903], [-77.0861, 38.903], [-77.0858, 38.9029], [-77.0853, 38.9028], [-77.0851, 38.9028], [-77.0849, 38.9028], [-77.0846, 38.9027], [-77.0839, 38.9025], [-77.0836, 38.9025], [-77.0834, 38.9024], [-77.0832, 38.9024], [-77.0826, 38.9023], [-77.0825, 38.9023], [-77.0824, 38.9023], [-77.0823, 38.9023], [-77.0822, 38.9023], [-77.0821, 38.9023], [-77.082, 38.9023], [-77.0819, 38.9023], [-77.0818, 38.9023], [-77.0817, 38.9023], [-77.0816, 38.9023], [-77.0815, 38.9023], [-77.0814, 38.9023], [-77.0813, 38.9023], [-77.0812, 38.9023], [-77.0811, 38.9023], [-77.081, 38.9023], [-77.0809, 38.9023], [-77.0808, 38.9023], [-77.0807, 38.9023], [-77.0806, 38.9023], [-77.0805, 38.9023], [-77.0804, 38.9023], [-77.0803, 38.9023], [-77.0802, 38.9023], [-77.0801, 38.9023], [-77.08, 38.9023], [-77.0799, 38.9023], [-77.0798, 38.9023], [-77.0797, 38.9024], [-77.0796, 38.9024], [-77.0795, 38.9024], [-77.0794, 38.9024], [-77.0793, 38.9024], [-77.0793, 38.9025], [-77.0792, 38.9025], [-77.0792, 38.9024], [-77.0791, 38.9024], [-77.0791, 38.9023], [-77.079, 38.9023], [-77.0789, 38.9023], [-77.0788, 38.9023], [-77.0787, 38.9023], [-77.0786, 38.9023], [-77.0785, 38.9023], [-77.0784, 38.9023], [-77.0784, 38.9024], [-77.0783, 38.9024], [-77.0782, 38.9024], [-77.0782, 38.9023], [-77.0781, 38.9023], [-77.078, 38.9023], [-77.0779, 38.9023], [-77.0778, 38.9022], [-77.0777, 38.9022], [-77.0777, 38.9023], [-77.0776, 38.9023], [-77.0776, 38.9022], [-77.0775, 38.9022], [-77.0774, 38.9022], [-77.0773, 38.9022], [-77.0772, 38.9021], [-77.0771, 38.9021], [-77.077, 38.9021], [-77.0769, 38.9021], [-77.0769, 38.902], [-77.0768, 38.902], [-77.0767, 38.902], [-77.0766, 38.902], [-77.0765, 38.902], [-77.0765, 38.9019], [-77.0764, 38.9019], [-77.0763, 38.9019], [-77.0762, 38.9019], [-77.0761, 38.9018], [-77.076, 38.9018], [-77.0759, 38.9018], [-77.0758, 38.9018], [-77.0758, 38.9017], [-77.0757, 38.9017], [-77.0756, 38.9017], [-77.0755, 38.9017], [-77.0755, 38.9016], [-77.0754, 38.9016], [-77.0753, 38.9016], [-77.0752, 38.9016], [-77.075, 38.9015], [-77.0748, 38.9015], [-77.0747, 38.9015], [-77.0747, 38.9014], [-77.0746, 38.9014], [-77.0745, 38.9014], [-77.0744, 38.9014], [-77.0743, 38.9014], [-77.0742, 38.9013], [-77.0741, 38.9013], [-77.074, 38.9013], [-77.0739, 38.9013], [-77.0738, 38.9012], [-77.0737, 38.9012], [-77.0736, 38.9012], [-77.0735, 38.9012], [-77.0735, 38.9011], [-77.0734, 38.9011], [-77.0733, 38.9011], [-77.0732, 38.9011], [-77.0731, 38.9011], [-77.073, 38.9011], [-77.0729, 38.9011], [-77.0728, 38.9011], [-77.0727, 38.9011], [-77.0726, 38.9011], [-77.0725, 38.9011], [-77.0724, 38.9011], [-77.0723, 38.9011], [-77.0722, 38.9011], [-77.0721, 38.9011], [-77.072, 38.9011], [-77.0719, 38.9011], [-77.0718, 38.9011], [-77.0717, 38.9011], [-77.0716, 38.9011], [-77.0715, 38.9011], [-77.0714, 38.9011], [-77.0713, 38.9011], [-77.0712, 38.9011], [-77.0711, 38.9011], [-77.071, 38.9011], [-77.0709, 38.9011], [-77.0709, 38.9012], [-77.0708, 38.9012], [-77.0707, 38.9012], [-77.0706, 38.9012], [-77.0705, 38.9011], [-77.0704, 38.901], [-77.0703, 38.901], [-77.0702, 38.901], [-77.0702, 38.9009], [-77.0701, 38.9009], [-77.07, 38.9009], [-77.0699, 38.9008], [-77.0698, 38.9008], [-77.0697, 38.9007], [-77.0696, 38.9007], [-77.0695, 38.9007], [-77.0695, 38.9006], [-77.0694, 38.9006], [-77.0693, 38.9006], [-77.0692, 38.9006], [-77.0692, 38.9005], [-77.0691, 38.9005], [-77.069, 38.9005], [-77.0689, 38.9005], [-77.0689, 38.9004], [-77.0688, 38.9004], [-77.0687, 38.9004], [-77.0687, 38.9003], [-77.0686, 38.9003], [-77.0686, 38.9002], [-77.0685, 38.9002], [-77.0684, 38.9001], [-77.0684, 38.9], [-77.0683, 38.9], [-77.0682, 38.9], [-77.0682, 38.8999], [-77.0682, 38.8998], [-77.0681, 38.8998], [-77.0681, 38.8997], [-77.068, 38.8997], [-77.0679, 38.8997], [-77.0679, 38.8996], [-77.0678, 38.8996], [-77.0677, 38.8995], [-77.0677, 38.8994], [-77.0676, 38.8993], [-77.0676, 38.8992], [-77.0675, 38.8991], [-77.0676, 38.8991], [-77.0676, 38.899], [-77.0676, 38.8989], [-77.0676, 38.8988], [-77.0676, 38.8987], [-77.0676, 38.8986], [-77.0676, 38.8985], [-77.0675, 38.8984], [-77.0675, 38.8983], [-77.0675, 38.8982], [-77.0675, 38.8981], [-77.0676, 38.8981], [-77.0676, 38.898], [-77.0676, 38.8981], [-77.0675, 38.8981], [-77.0675, 38.898], [-77.0674, 38.898], [-77.0674, 38.8979], [-77.0674, 38.8978], [-77.0673, 38.8978], [-77.0673, 38.8977], [-77.0673, 38.8976], [-77.0673, 38.8975], [-77.0673, 38.8974], [-77.0673, 38.8973], [-77.0672, 38.8973], [-77.0672, 38.8972], [-77.0672, 38.8971], [-77.0672, 38.897], [-77.0671, 38.897], [-77.0671, 38.8969], [-77.067, 38.8969], [-77.067, 38.8968], [-77.067, 38.8967], [-77.0669, 38.8967], [-77.0669, 38.8966], [-77.0669, 38.8965], [-77.0668, 38.8965], [-77.0668, 38.8964], [-77.0667, 38.8963], [-77.0667, 38.8962], [-77.0666, 38.8961], [-77.0666, 38.896], [-77.0665, 38.896], [-77.0665, 38.8959], [-77.0665, 38.8958], [-77.0664, 38.8958], [-77.0664, 38.8957], [-77.0664, 38.8956], [-77.0663, 38.8956], [-77.0663, 38.8955], [-77.0663, 38.8954], [-77.0662, 38.8953], [-77.0662, 38.8952], [-77.0661, 38.8951], [-77.066, 38.895], [-77.0659, 38.8949], [-77.0659, 38.8948], [-77.0659, 38.8947], [-77.0659, 38.8946], [-77.066, 38.8946], [-77.066, 38.8945], [-77.0659, 38.8945], [-77.0659, 38.8946], [-77.0658, 38.8946], [-77.0658, 38.8945], [-77.0657, 38.8945], [-77.0656, 38.8943], [-77.0656, 38.8942], [-77.0655, 38.8941], [-77.0654, 38.894], [-77.0654, 38.8939], [-77.0653, 38.8939], [-77.0653, 38.8938], [-77.0652, 38.8938], [-77.0652, 38.8937], [-77.0652, 38.8936], [-77.0651, 38.8936], [-77.0651, 38.8935], [-77.0651, 38.8934], [-77.065, 38.8934], [-77.065, 38.8933], [-77.065, 38.8931], [-77.0649, 38.893], [-77.0649, 38.8929], [-77.0649, 38.8928], [-77.0648, 38.8928], [-77.0648, 38.8927], [-77.0648, 38.8926], [-77.0647, 38.8925], [-77.0647, 38.8924], [-77.0647, 38.8923], [-77.0647, 38.8922], [-77.0647, 38.8921], [-77.0647, 38.892], [-77.0647, 38.8919], [-77.0646, 38.8917], [-77.0646, 38.8916], [-77.0645, 38.8916], [-77.0645, 38.8915], [-77.0645, 38.8914], [-77.0644, 38.8914], [-77.0643, 38.8914], [-77.0643, 38.8913], [-77.0642, 38.8912], [-77.0642, 38.8911], [-77.0641, 38.8911], [-77.0641, 38.891], [-77.064, 38.891], [-77.064, 38.8909], [-77.0641, 38.8908], [-77.0641, 38.8907], [-77.064, 38.8906], [-77.064, 38.8905], [-77.0639, 38.8905], [-77.0639, 38.8904], [-77.0638, 38.8903], [-77.0638, 38.8902], [-77.0638, 38.8901], [-77.0639, 38.89], [-77.064, 38.89], [-77.0641, 38.89], [-77.0641, 38.8899], [-77.0642, 38.8899], [-77.0642, 38.8898], [-77.0643, 38.8898], [-77.0643, 38.8897], [-77.0644, 38.8897], [-77.0644, 38.8896], [-77.0644, 38.8895], [-77.0644, 38.8894], [-77.0644, 38.8893], [-77.0643, 38.8891], [-77.0643, 38.889], [-77.0642, 38.8888], [-77.0641, 38.8888], [-77.0641, 38.8887], [-77.0641, 38.8886], [-77.064, 38.8886], [-77.064, 38.8885], [-77.0639, 38.8885], [-77.0639, 38.8884], [-77.0639, 38.8883], [-77.0638, 38.8883], [-77.0638, 38.8882], [-77.0637, 38.8882], [-77.0637, 38.8881], [-77.0637, 38.888], [-77.0636, 38.888], [-77.0636, 38.8879], [-77.0635, 38.8879], [-77.0635, 38.8878], [-77.0635, 38.8877], [-77.0634, 38.8877], [-77.0634, 38.8876], [-77.0633, 38.8875], [-77.0633, 38.8874], [-77.0632, 38.8874], [-77.0632, 38.8873], [-77.0631, 38.8872], [-77.0631, 38.8871], [-77.063, 38.8871], [-77.063, 38.887], [-77.0629, 38.887], [-77.0629, 38.8869], [-77.0629, 38.8868], [-77.0628, 38.8868], [-77.0628, 38.8867], [-77.0627, 38.8866], [-77.0627, 38.8865], [-77.0626, 38.8865], [-77.0626, 38.8864], [-77.0625, 38.8863], [-77.0625, 38.8862], [-77.0624, 38.8861], [-77.0624, 38.886], [-77.0623, 38.886], [-77.0623, 38.8859], [-77.0622, 38.8858], [-77.0622, 38.8857], [-77.0621, 38.8857], [-77.0621, 38.8856], [-77.062, 38.8855], [-77.062, 38.8854], [-77.0619, 38.8854], [-77.0619, 38.8853], [-77.0618, 38.8852], [-77.0617, 38.8851], [-77.0594, 38.8814], [-77.0594, 38.8813], [-77.0593, 38.8812], [-77.0593, 38.8811], [-77.0592, 38.8811], [-77.0592, 38.881], [-77.0591, 38.8809], [-77.059, 38.8808], [-77.059, 38.8807], [-77.0589, 38.8807], [-77.0589, 38.8806], [-77.0588, 38.8806], [-77.0588, 38.8805], [-77.0587, 38.8805], [-77.0586, 38.8805], [-77.0585, 38.8804], [-77.0584, 38.8804], [-77.0583, 38.8804], [-77.0582, 38.8803], [-77.0581, 38.8803], [-77.058, 38.8803], [-77.0579, 38.8803], [-77.0578, 38.8803], [-77.0577, 38.8803], [-77.0576, 38.8803], [-77.0575, 38.8803], [-77.0574, 38.8803], [-77.0573, 38.8803], [-77.0572, 38.8803], [-77.057, 38.8803], [-77.0569, 38.8804], [-77.0568, 38.8804], [-77.0567, 38.8804], [-77.0566, 38.8804], [-77.0565, 38.8804], [-77.0564, 38.8804], [-77.0563, 38.8804], [-77.0562, 38.8804], [-77.0561, 38.8804], [-77.056, 38.8804], [-77.0559, 38.8804], [-77.0558, 38.8804], [-77.0557, 38.8803], [-77.0556, 38.8803], [-77.0555, 38.8803], [-77.0555, 38.8802], [-77.0554, 38.8803], [-77.0554, 38.8802], [-77.0553, 38.8802], [-77.0553, 38.8803], [-77.0552, 38.8803], [-77.0551, 38.8803], [-77.0551, 38.8802], [-77.055, 38.8802], [-77.0549, 38.8802], [-77.0548, 38.8802], [-77.0548, 38.8801], [-77.0547, 38.8801], [-77.0546, 38.8801], [-77.0546, 38.88], [-77.0545, 38.88], [-77.0544, 38.8799], [-77.0543, 38.8799], [-77.0543, 38.8798], [-77.0542, 38.8798], [-77.0542, 38.8797], [-77.0541, 38.8797], [-77.0541, 38.8796], [-77.054, 38.8796], [-77.054, 38.8795], [-77.0539, 38.8795], [-77.0539, 38.8794], [-77.0538, 38.8793], [-77.0537, 38.8793], [-77.0537, 38.8792], [-77.0537, 38.8791], [-77.0537, 38.879], [-77.0538, 38.879], [-77.0538, 38.8789], [-77.0537, 38.8789], [-77.0537, 38.8788], [-77.0536, 38.8788], [-77.0536, 38.8789], [-77.0536, 38.879], [-77.0535, 38.879], [-77.0535, 38.8789], [-77.0535, 38.8788], [-77.0534, 38.8788], [-77.0534, 38.8787], [-77.0534, 38.8786], [-77.0533, 38.8786], [-77.0532, 38.8785], [-77.0532, 38.8784], [-77.0531, 38.8784], [-77.0531, 38.8783], [-77.053, 38.8783], [-77.053, 38.8782], [-77.0529, 38.8782], [-77.0529, 38.8781], [-77.0528, 38.8781], [-77.0528, 38.878], [-77.0527, 38.878], [-77.0527, 38.8779], [-77.0526, 38.8779], [-77.0526, 38.8778], [-77.0525, 38.8778], [-77.0525, 38.8777], [-77.0524, 38.8777], [-77.0524, 38.8776], [-77.0523, 38.8775], [-77.0522, 38.8774], [-77.0522, 38.8773], [-77.0521, 38.8773], [-77.0521, 38.8772], [-77.052, 38.8772], [-77.052, 38.8771], [-77.0519, 38.8771], [-77.0519, 38.877], [-77.0518, 38.877], [-77.0518, 38.8769], [-77.0517, 38.8769], [-77.0517, 38.8768], [-77.0517, 38.8767], [-77.0516, 38.8767], [-77.0516, 38.8766], [-77.0515, 38.8766], [-77.0515, 38.8765], [-77.0515, 38.8764], [-77.0515, 38.8763], [-77.0514, 38.8763], [-77.0514, 38.8762], [-77.0514, 38.8761], [-77.0514, 38.876], [-77.0515, 38.876], [-77.0515, 38.8759], [-77.0515, 38.8758], [-77.0515, 38.8757], [-77.0516, 38.8756], [-77.0515, 38.8756], [-77.0515, 38.8755], [-77.0515, 38.8754], [-77.0516, 38.8753], [-77.0516, 38.8752], [-77.0516, 38.8751], [-77.0517, 38.875], [-77.0517, 38.8749], [-77.0517, 38.8748], [-77.0517, 38.8747], [-77.0517, 38.8746], [-77.0517, 38.8745], [-77.0517, 38.8744], [-77.0517, 38.8743], [-77.0517, 38.8742], [-77.0517, 38.8741], [-77.0517, 38.874], [-77.0517, 38.8739], [-77.0517, 38.8738], [-77.0516, 38.8738], [-77.0516, 38.8737], [-77.0516, 38.8736], [-77.0515, 38.8735], [-77.0515, 38.8734], [-77.0514, 38.8734], [-77.0514, 38.8733], [-77.0512, 38.873], [-77.051, 38.8727], [-77.0508, 38.8724], [-77.0508, 38.8723], [-77.0507, 38.8722], [-77.0506, 38.8721], [-77.0506, 38.872], [-77.0505, 38.872], [-77.0505, 38.8719], [-77.0504, 38.8719], [-77.0504, 38.8718], [-77.0503, 38.8718], [-77.0503, 38.8717], [-77.0502, 38.8717], [-77.0502, 38.8716], [-77.0501, 38.8716], [-77.05, 38.8716], [-77.0499, 38.8715], [-77.0498, 38.8715], [-77.0497, 38.8715], [-77.0497, 38.8714], [-77.0496, 38.8714], [-77.0495, 38.8714], [-77.0495, 38.8713], [-77.0494, 38.8713], [-77.0493, 38.8713], [-77.0492, 38.8713], [-77.0491, 38.8713], [-77.049, 38.8713], [-77.049, 38.8714], [-77.0489, 38.8713], [-77.0489, 38.8714], [-77.0488, 38.8714], [-77.0487, 38.8714], [-77.0486, 38.8715], [-77.0485, 38.8715], [-77.0484, 38.8715], [-77.0483, 38.8715], [-77.0483, 38.8716], [-77.0482, 38.8716], [-77.0481, 38.8716], [-77.048, 38.8716], [-77.0479, 38.8716], [-77.0479, 38.8717], [-77.0478, 38.8717], [-77.0477, 38.8717], [-77.0476, 38.8717], [-77.0475, 38.8717], [-77.0474, 38.8717], [-77.0473, 38.8718], [-77.0472, 38.8718], [-77.0471, 38.8718], [-77.047, 38.8718], [-77.0469, 38.8718], [-77.0468, 38.8718], [-77.0468, 38.8719], [-77.0467, 38.8719], [-77.0467, 38.872], [-77.0466, 38.872], [-77.0465, 38.872], [-77.0465, 38.8721], [-77.0464, 38.8721], [-77.0464, 38.8722], [-77.0463, 38.8722], [-77.0463, 38.8723], [-77.0462, 38.8724], [-77.0462, 38.8725], [-77.0463, 38.8725], [-77.0463, 38.8726], [-77.0464, 38.8727], [-77.0464, 38.8728], [-77.0465, 38.8729], [-77.0465, 38.873], [-77.0465, 38.8731], [-77.0465, 38.8732], [-77.0465, 38.8733], [-77.0465, 38.8734], [-77.0465, 38.8735], [-77.0464, 38.8735], [-77.0464, 38.8736], [-77.0464, 38.8737], [-77.0464, 38.8738], [-77.0464, 38.8739], [-77.0464, 38.874], [-77.0465, 38.874], [-77.0466, 38.8741], [-77.0467, 38.8742], [-77.0468, 38.8743], [-77.0469, 38.8744], [-77.047, 38.8745], [-77.0471, 38.8745], [-77.0471, 38.8746], [-77.0471, 38.8747], [-77.0472, 38.8747], [-77.0472, 38.8748], [-77.0472, 38.8749], [-77.0472, 38.875], [-77.0472, 38.8751], [-77.0471, 38.8751], [-77.0471, 38.8752], [-77.047, 38.8752], [-77.0469, 38.8753], [-77.0468, 38.8753], [-77.0468, 38.8754], [-77.0467, 38.8754], [-77.0466, 38.8754], [-77.0466, 38.8755], [-77.0465, 38.8755], [-77.0464, 38.8755], [-77.0464, 38.8756], [-77.0463, 38.8756], [-77.0462, 38.8756], [-77.0461, 38.8756], [-77.046, 38.8756], [-77.0459, 38.8756], [-77.0458, 38.8756], [-77.0457, 38.8756], [-77.0456, 38.8755], [-77.0455, 38.8755], [-77.0454, 38.8754], [-77.0453, 38.8753], [-77.0452, 38.8753], [-77.0452, 38.8752], [-77.0451, 38.8752], [-77.0451, 38.8751], [-77.045, 38.8751], [-77.0449, 38.875], [-77.0448, 38.875], [-77.0448, 38.8749], [-77.0447, 38.8749], [-77.0446, 38.8748], [-77.0445, 38.8747], [-77.0444, 38.8747], [-77.0443, 38.8746], [-77.0442, 38.8745], [-77.0441, 38.8745], [-77.0441, 38.8744], [-77.044, 38.8744], [-77.0439, 38.8743], [-77.0438, 38.8743], [-77.0435, 38.8742], [-77.0434, 38.8742], [-77.0433, 38.8741], [-77.0432, 38.8739], [-77.0431, 38.8739], [-77.0431, 38.8738], [-77.043, 38.8738], [-77.043, 38.8737], [-77.0429, 38.8737], [-77.0429, 38.8736], [-77.0428, 38.8736], [-77.0428, 38.8735], [-77.0427, 38.8735], [-77.0427, 38.8734], [-77.0426, 38.8733], [-77.0425, 38.8733], [-77.0424, 38.8732], [-77.0423, 38.8731], [-77.0422, 38.873], [-77.0422, 38.8729], [-77.0421, 38.8729], [-77.0421, 38.8728], [-77.042, 38.8728], [-77.042, 38.8727], [-77.0419, 38.8727], [-77.0418, 38.8727], [-77.0418, 38.8726], [-77.0417, 38.8726], [-77.0417, 38.8725], [-77.0416, 38.8725], [-77.0416, 38.8724], [-77.0415, 38.8723], [-77.0414, 38.8722], [-77.0413, 38.8721], [-77.0413, 38.872], [-77.0412, 38.8719], [-77.0411, 38.8719], [-77.0411, 38.8718], [-77.041, 38.8718], [-77.041, 38.8717], [-77.0409, 38.8717], [-77.0409, 38.8716], [-77.0408, 38.8716], [-77.0408, 38.8715], [-77.0407, 38.8715], [-77.0407, 38.8714], [-77.0406, 38.8714], [-77.0406, 38.8713], [-77.0405, 38.8713], [-77.0405, 38.8712], [-77.0404, 38.8712], [-77.0404, 38.8711], [-77.0404, 38.871], [-77.0403, 38.871], [-77.0403, 38.8709], [-77.0402, 38.8709], [-77.0402, 38.8708], [-77.0401, 38.8708], [-77.0401, 38.8707], [-77.0401, 38.8706], [-77.04, 38.8706], [-77.04, 38.8705], [-77.0399, 38.8705], [-77.0399, 38.8704], [-77.0399, 38.8703], [-77.0398, 38.8703], [-77.0398, 38.8702], [-77.0397, 38.8701], [-77.0397, 38.87], [-77.0396, 38.87], [-77.0396, 38.8699], [-77.0395, 38.8699], [-77.0395, 38.8698], [-77.0395, 38.8697], [-77.0394, 38.8697], [-77.0394, 38.8696], [-77.0393, 38.8695], [-77.0393, 38.8693], [-77.0392, 38.8693], [-77.0392, 38.8692], [-77.0392, 38.8691], [-77.0391, 38.8691], [-77.0391, 38.869], [-77.039, 38.8689], [-77.039, 38.8688], [-77.0389, 38.8687], [-77.0389, 38.8686], [-77.0388, 38.8686], [-77.0388, 38.8685], [-77.0388, 38.8684], [-77.0387, 38.8684], [-77.0387, 38.8683], [-77.0387, 38.8682], [-77.0386, 38.8682], [-77.0386, 38.8681], [-77.0386, 38.868], [-77.0385, 38.8679], [-77.0385, 38.8678], [-77.0385, 38.8677], [-77.0384, 38.8677], [-77.0384, 38.8676], [-77.0383, 38.8676], [-77.0383, 38.8675], [-77.0383, 38.8674], [-77.0383, 38.8673], [-77.0382, 38.8673], [-77.0382, 38.8672], [-77.0382, 38.8671], [-77.0381, 38.8671], [-77.0381, 38.867], [-77.0381, 38.8669], [-77.0381, 38.8668], [-77.038, 38.8668], [-77.038, 38.8667], [-77.038, 38.8666], [-77.038, 38.8665], [-77.0379, 38.8664], [-77.0379, 38.8663], [-77.0379, 38.8662], [-77.0379, 38.8661], [-77.0379, 38.866], [-77.0379, 38.8659], [-77.0378, 38.8659], [-77.0378, 38.8658], [-77.0378, 38.8657], [-77.0378, 38.8656], [-77.0378, 38.8655], [-77.0378, 38.8654], [-77.0378, 38.8653], [-77.0377, 38.8653], [-77.0377, 38.8652], [-77.0377, 38.8651], [-77.0377, 38.865], [-77.0377, 38.8649], [-77.0377, 38.8648], [-77.0377, 38.8647], [-77.0378, 38.8647], [-77.0378, 38.8646], [-77.0378, 38.8645], [-77.0379, 38.8644], [-77.0379, 38.8643], [-77.038, 38.8642], [-77.0381, 38.8641], [-77.0382, 38.8641], [-77.0382, 38.864], [-77.0383, 38.864], [-77.0384, 38.864], [-77.0385, 38.864], [-77.0386, 38.864], [-77.0387, 38.864], [-77.0387, 38.8639], [-77.0388, 38.8639], [-77.0389, 38.8639], [-77.039, 38.8639], [-77.0391, 38.8639], [-77.0392, 38.8639], [-77.0393, 38.8639], [-77.0394, 38.8639], [-77.0395, 38.8639], [-77.0396, 38.8639], [-77.0397, 38.8639], [-77.0397, 38.8638], [-77.0398, 38.8638], [-77.0399, 38.8638], [-77.04, 38.8638], [-77.0401, 38.8638], [-77.0402, 38.8638], [-77.0402, 38.8637], [-77.0403, 38.8637], [-77.0404, 38.8637], [-77.0405, 38.8637], [-77.0406, 38.8637], [-77.0407, 38.8637], [-77.0408, 38.8637], [-77.0409, 38.8637], [-77.0409, 38.8636], [-77.041, 38.8637], [-77.0411, 38.8637], [-77.0412, 38.8637], [-77.0413, 38.8637], [-77.0414, 38.8637], [-77.0415, 38.8637], [-77.0416, 38.8637], [-77.0417, 38.8637], [-77.0418, 38.8637], [-77.0419, 38.8637], [-77.042, 38.8637], [-77.0421, 38.8638], [-77.0422, 38.8638], [-77.0422, 38.8637], [-77.0423, 38.8637], [-77.0424, 38.8637], [-77.0425, 38.8637], [-77.0425, 38.8639], [-77.0427, 38.8636], [-77.0426, 38.8635], [-77.0427, 38.8635], [-77.0427, 38.8634], [-77.0428, 38.8634], [-77.0427, 38.8633], [-77.0426, 38.8633], [-77.0426, 38.8634], [-77.0425, 38.8634], [-77.0425, 38.8635], [-77.0424, 38.8635], [-77.0423, 38.8634], [-77.0422, 38.8634], [-77.0421, 38.8634], [-77.042, 38.8633], [-77.0419, 38.8633], [-77.0418, 38.8633], [-77.0417, 38.8632], [-77.0416, 38.8632], [-77.0416, 38.8631], [-77.0415, 38.8631], [-77.0414, 38.863], [-77.0413, 38.863], [-77.0413, 38.8629], [-77.0412, 38.8629], [-77.0412, 38.8628], [-77.0411, 38.8628], [-77.041, 38.8628], [-77.041, 38.8627], [-77.0409, 38.8627], [-77.0409, 38.8626], [-77.0408, 38.8626], [-77.0407, 38.8625], [-77.0406, 38.8625], [-77.0405, 38.8624], [-77.0404, 38.8624], [-77.0403, 38.8624], [-77.0402, 38.8624], [-77.0401, 38.8625], [-77.04, 38.8625], [-77.04, 38.8626], [-77.0399, 38.8626], [-77.0399, 38.8627], [-77.0398, 38.8627], [-77.0398, 38.8628], [-77.0398, 38.8629], [-77.0398, 38.863], [-77.0398, 38.8631], [-77.0398, 38.8632], [-77.0397, 38.8632], [-77.0397, 38.8633], [-77.0396, 38.8633], [-77.0395, 38.8633], [-77.0394, 38.8633], [-77.0393, 38.8633], [-77.0392, 38.8633], [-77.0391, 38.8633], [-77.039, 38.8633], [-77.0389, 38.8633], [-77.0388, 38.8633], [-77.0387, 38.8633], [-77.0387, 38.8634], [-77.0386, 38.8634], [-77.0386, 38.8633], [-77.0386, 38.8634], [-77.0385, 38.8634], [-77.0384, 38.8634], [-77.0383, 38.8634], [-77.0382, 38.8634], [-77.0382, 38.8633], [-77.0381, 38.8633], [-77.038, 38.8633], [-77.038, 38.8632], [-77.038, 38.8631], [-77.038, 38.863], [-77.038, 38.8629], [-77.038, 38.8628], [-77.038, 38.8627], [-77.0379, 38.8627], [-77.0379, 38.8626], [-77.0379, 38.8625], [-77.0379, 38.8624], [-77.0379, 38.8623], [-77.0379, 38.8622], [-77.0379, 38.8621], [-77.0378, 38.8621], [-77.0378, 38.862], [-77.0378, 38.8619], [-77.0378, 38.8618], [-77.0377, 38.8617], [-77.0377, 38.8616], [-77.0377, 38.8615], [-77.0376, 38.8615], [-77.0376, 38.8614], [-77.0376, 38.8613], [-77.0376, 38.8612], [-77.0375, 38.8612], [-77.0374, 38.8612], [-77.0374, 38.8611], [-77.0373, 38.8611], [-77.0373, 38.8612], [-77.0372, 38.8612], [-77.0371, 38.8612], [-77.037, 38.8612], [-77.0369, 38.8611], [-77.0368, 38.8611], [-77.0368, 38.861], [-77.0368, 38.8609], [-77.0368, 38.8608], [-77.0367, 38.8608], [-77.0367, 38.8607], [-77.0366, 38.8607], [-77.0365, 38.8606], [-77.0364, 38.8606], [-77.0364, 38.8605], [-77.0363, 38.8605], [-77.0363, 38.8604], [-77.0362, 38.8604], [-77.0361, 38.8604], [-77.0361, 38.8603], [-77.036, 38.8603], [-77.036, 38.8602], [-77.0359, 38.8602], [-77.0359, 38.8601], [-77.0358, 38.8601], [-77.0358, 38.86], [-77.0357, 38.86], [-77.0357, 38.8599], [-77.0356, 38.8599], [-77.0355, 38.8599], [-77.0355, 38.8598], [-77.0354, 38.8598], [-77.0354, 38.8597], [-77.0353, 38.8597], [-77.0353, 38.8596], [-77.0352, 38.8596], [-77.0352, 38.8595], [-77.0351, 38.8594], [-77.0351, 38.8593], [-77.035, 38.8592], [-77.035, 38.8591], [-77.035, 38.859], [-77.0349, 38.859], [-77.0349, 38.8589], [-77.0349, 38.8588], [-77.0348, 38.8588], [-77.0348, 38.8587], [-77.0348, 38.8586], [-77.0347, 38.8585], [-77.0347, 38.8584], [-77.0346, 38.8583], [-77.0346, 38.8582], [-77.0345, 38.8582], [-77.0345, 38.8581], [-77.0345, 38.858], [-77.0344, 38.858], [-77.0344, 38.8579], [-77.0343, 38.8579], [-77.0343, 38.8578], [-77.0342, 38.8578], [-77.0342, 38.8577], [-77.0342, 38.8576], [-77.0341, 38.8576], [-77.0341, 38.8575], [-77.0341, 38.8574], [-77.0341, 38.8573], [-77.034, 38.8572], [-77.034, 38.8571], [-77.0339, 38.857], [-77.0339, 38.8569], [-77.0338, 38.8568], [-77.0338, 38.8567], [-77.0337, 38.8567], [-77.0337, 38.8566], [-77.0337, 38.8565], [-77.0336, 38.8565], [-77.0336, 38.8564], [-77.0336, 38.8563], [-77.0335, 38.8563], [-77.0335, 38.8562], [-77.0335, 38.8561], [-77.0334, 38.8561], [-77.0334, 38.856], [-77.0333, 38.8559], [-77.0333, 38.8558], [-77.0332, 38.8558], [-77.0332, 38.8557], [-77.0332, 38.8556], [-77.0331, 38.8556], [-77.0331, 38.8555], [-77.0331, 38.8554], [-77.033, 38.8554], [-77.033, 38.8553], [-77.0329, 38.8552], [-77.0329, 38.8551], [-77.0328, 38.855], [-77.0328, 38.8549], [-77.0328, 38.8548], [-77.0328, 38.8547], [-77.0328, 38.8546], [-77.0328, 38.8545], [-77.0328, 38.8544], [-77.0327, 38.8544], [-77.0327, 38.8543], [-77.0327, 38.8542], [-77.0327, 38.8541], [-77.0327, 38.854], [-77.0327, 38.8539], [-77.0326, 38.8538], [-77.0326, 38.8537], [-77.0326, 38.8536], [-77.0326, 38.8535], [-77.0326, 38.8534], [-77.0325, 38.8534], [-77.0325, 38.8533], [-77.0325, 38.8532], [-77.0325, 38.8531], [-77.0325, 38.853], [-77.0325, 38.8529], [-77.0324, 38.8528], [-77.0324, 38.8527], [-77.0324, 38.8526], [-77.0324, 38.8525], [-77.0323, 38.8525], [-77.0323, 38.8524], [-77.0323, 38.8523], [-77.0323, 38.8522], [-77.0323, 38.8521], [-77.0323, 38.852], [-77.0323, 38.8519], [-77.0322, 38.8519], [-77.0322, 38.8518], [-77.0322, 38.8517], [-77.0322, 38.8516], [-77.0322, 38.8515], [-77.0322, 38.8514], [-77.0322, 38.8513], [-77.0322, 38.8512], [-77.0322, 38.8511], [-77.0322, 38.851], [-77.0322, 38.8509], [-77.0322, 38.8508], [-77.0322, 38.8507], [-77.0322, 38.8506], [-77.0322, 38.8505], [-77.0322, 38.8504], [-77.0322, 38.8503], [-77.0321, 38.8503], [-77.0322, 38.8501], [-77.0322, 38.8499], [-77.0322, 38.8498], [-77.0322, 38.8497], [-77.0323, 38.8496], [-77.0323, 38.8495], [-77.0323, 38.8494], [-77.0323, 38.8493], [-77.0323, 38.8492], [-77.0323, 38.8491], [-77.0323, 38.849], [-77.0323, 38.8489], [-77.0323, 38.8488], [-77.0323, 38.8487], [-77.0323, 38.8486], [-77.0323, 38.8485], [-77.0323, 38.8484], [-77.0323, 38.8483], [-77.0323, 38.8482], [-77.0323, 38.8481], [-77.0323, 38.848], [-77.0324, 38.8479], [-77.0324, 38.8478], [-77.0324, 38.8477], [-77.0324, 38.8476], [-77.0324, 38.8475], [-77.0324, 38.8474], [-77.0324, 38.8473], [-77.0325, 38.8473], [-77.0325, 38.8472], [-77.0325, 38.8471], [-77.0325, 38.847], [-77.0325, 38.8469], [-77.0325, 38.8468], [-77.0326, 38.8468], [-77.0326, 38.8467], [-77.0326, 38.8466], [-77.0326, 38.8465], [-77.0326, 38.8464], [-77.0327, 38.8464], [-77.0327, 38.8463], [-77.0327, 38.8462], [-77.0327, 38.8461], [-77.0327, 38.846], [-77.0328, 38.846], [-77.0328, 38.8459], [-77.0328, 38.8458], [-77.0328, 38.8457], [-77.0328, 38.8456], [-77.0328, 38.8455], [-77.0329, 38.8455], [-77.0329, 38.8454], [-77.0329, 38.8453], [-77.0329, 38.8452], [-77.0329, 38.8451], [-77.033, 38.8451], [-77.033, 38.845], [-77.033, 38.8449], [-77.033, 38.8448], [-77.033, 38.8447], [-77.0331, 38.8447], [-77.0331, 38.8446], [-77.0331, 38.8445], [-77.0332, 38.8444], [-77.0332, 38.8443], [-77.0332, 38.8442], [-77.0333, 38.8442], [-77.0333, 38.8441], [-77.0333, 38.844], [-77.0333, 38.8439], [-77.0334, 38.8439], [-77.0334, 38.8438], [-77.0334, 38.8437], [-77.0335, 38.8437], [-77.0335, 38.8436], [-77.0335, 38.8435], [-77.0336, 38.8435], [-77.0336, 38.8434], [-77.0336, 38.8433], [-77.0337, 38.8433], [-77.0337, 38.8432], [-77.0337, 38.8431], [-77.0338, 38.843], [-77.0338, 38.8429], [-77.0339, 38.8429], [-77.0339, 38.8428], [-77.0339, 38.8427], [-77.0339, 38.8426], [-77.0339, 38.8425], [-77.034, 38.8425], [-77.034, 38.8424], [-77.034, 38.8423], [-77.034, 38.8422], [-77.034, 38.8421], [-77.034, 38.842], [-77.034, 38.8419], [-77.034, 38.8418], [-77.034, 38.8417], [-77.034, 38.8416], [-77.0341, 38.8416], [-77.0341, 38.8415], [-77.0341, 38.8414], [-77.0342, 38.8413], [-77.0342, 38.8412], [-77.0343, 38.8412], [-77.0343, 38.8411], [-77.0343, 38.841], [-77.0342, 38.841], [-77.0342, 38.8409], [-77.0343, 38.8409], [-77.0344, 38.8409], [-77.0345, 38.8408], [-77.0346, 38.8408], [-77.0346, 38.8407], [-77.0346, 38.8406], [-77.0345, 38.8405], [-77.0345, 38.8404], [-77.0346, 38.8404], [-77.0346, 38.8403], [-77.0345, 38.8403], [-77.0345, 38.8402], [-77.0346, 38.8402], [-77.0346, 38.8401], [-77.0346, 38.84], [-77.0347, 38.84], [-77.0348, 38.84], [-77.0349, 38.84], [-77.035, 38.84], [-77.035, 38.8399], [-77.0351, 38.8399], [-77.0352, 38.8399], [-77.0353, 38.8398], [-77.0354, 38.8398], [-77.0355, 38.8398], [-77.0355, 38.8397], [-77.0356, 38.8397], [-77.0356, 38.8398], [-77.0357, 38.8398], [-77.0357, 38.8397], [-77.0358, 38.8397], [-77.0359, 38.8397], [-77.036, 38.8397], [-77.036, 38.8396], [-77.0361, 38.8396], [-77.0362, 38.8396], [-77.0363, 38.8395], [-77.0364, 38.8395], [-77.0365, 38.8396], [-77.0366, 38.8396], [-77.0366, 38.8395], [-77.0367, 38.8395], [-77.0367, 38.8394], [-77.0368, 38.8394], [-77.037, 38.8394], [-77.0372, 38.8394], [-77.0373, 38.8394], [-77.0374, 38.8394], [-77.0374, 38.8393], [-77.0375, 38.8393], [-77.0376, 38.8393], [-77.0377, 38.8393], [-77.0378, 38.8393], [-77.0379, 38.8393], [-77.038, 38.8393], [-77.0381, 38.8393], [-77.0382, 38.8393], [-77.0383, 38.8393], [-77.0384, 38.8393], [-77.0385, 38.8393], [-77.0386, 38.8393], [-77.0387, 38.8393], [-77.0389, 38.8392], [-77.039, 38.8393], [-77.0391, 38.8393], [-77.0392, 38.8393], [-77.0393, 38.8393], [-77.0394, 38.8393], [-77.0395, 38.8393], [-77.0396, 38.8393], [-77.0397, 38.8393], [-77.0398, 38.8393], [-77.0399, 38.8393], [-77.04, 38.8393], [-77.0401, 38.8393], [-77.0402, 38.8393], [-77.0403, 38.8393], [-77.0404, 38.8393], [-77.0405, 38.8394], [-77.0406, 38.8394], [-77.0407, 38.8395], [-77.0408, 38.8395], [-77.0409, 38.8395], [-77.0409, 38.8396], [-77.0411, 38.8396], [-77.0412, 38.8396], [-77.0412, 38.8395], [-77.0413, 38.8395], [-77.0414, 38.8395], [-77.0415, 38.8395], [-77.0416, 38.8395], [-77.0417, 38.8395], [-77.0418, 38.8395], [-77.0419, 38.8395], [-77.0419, 38.8396], [-77.042, 38.8396], [-77.0421, 38.8396], [-77.0422, 38.8396], [-77.0423, 38.8396], [-77.0424, 38.8396], [-77.0425, 38.8396], [-77.0426, 38.8396], [-77.0426, 38.8397], [-77.0427, 38.8397], [-77.0428, 38.8397], [-77.0429, 38.8397], [-77.043, 38.8397], [-77.043, 38.8398], [-77.0431, 38.8398], [-77.0431, 38.8399], [-77.0432, 38.8399], [-77.0432, 38.84], [-77.0432, 38.8401], [-77.0433, 38.8401], [-77.0433, 38.8402], [-77.0433, 38.8403], [-77.0433, 38.8404], [-77.0434, 38.8404], [-77.0434, 38.8405], [-77.0434, 38.8406], [-77.0434, 38.8405], [-77.0435, 38.8405], [-77.0436, 38.8404], [-77.0437, 38.8403], [-77.0438, 38.8403], [-77.0438, 38.8402], [-77.0439, 38.8402], [-77.044, 38.8402], [-77.0441, 38.8402], [-77.0442, 38.8402], [-77.0443, 38.8402], [-77.0444, 38.8402], [-77.0445, 38.8402], [-77.0446, 38.8402], [-77.0447, 38.8402], [-77.0448, 38.8402], [-77.0448, 38.8403], [-77.0449, 38.8403], [-77.0449, 38.8404], [-77.045, 38.8404], [-77.045, 38.8405], [-77.0451, 38.8405], [-77.0451, 38.8406], [-77.0452, 38.8406], [-77.0452, 38.8407], [-77.0453, 38.8407], [-77.0453, 38.8408], [-77.0454, 38.8408], [-77.0455, 38.8408], [-77.0455, 38.8409], [-77.0456, 38.8409], [-77.0456, 38.841], [-77.0457, 38.841], [-77.0458, 38.841], [-77.0458, 38.8411], [-77.0459, 38.8411], [-77.046, 38.8411], [-77.0461, 38.8411], [-77.0461, 38.8412], [-77.0462, 38.8412], [-77.0463, 38.8412], [-77.0464, 38.8412], [-77.0465, 38.8412], [-77.0465, 38.8413], [-77.0466, 38.8413], [-77.0467, 38.8413], [-77.0468, 38.8413], [-77.0469, 38.8413], [-77.047, 38.8413], [-77.0471, 38.8413], [-77.0472, 38.8413], [-77.0473, 38.8413], [-77.0474, 38.8413], [-77.0475, 38.8413], [-77.0476, 38.8413], [-77.0477, 38.8413], [-77.0478, 38.8413], [-77.0479, 38.8413], [-77.048, 38.8413], [-77.0478, 38.841], [-77.0476, 38.8408], [-77.0475, 38.8407], [-77.047, 38.8407], [-77.0467, 38.8406], [-77.0464, 38.8405], [-77.0463, 38.8404], [-77.0462, 38.8404], [-77.0461, 38.8404], [-77.046, 38.8403], [-77.0459, 38.8401], [-77.0458, 38.84], [-77.0459, 38.84], [-77.046, 38.84], [-77.0461, 38.84], [-77.0462, 38.8401], [-77.0463, 38.8401], [-77.0464, 38.8401], [-77.0464, 38.84], [-77.0465, 38.84], [-77.0465, 38.8399], [-77.0464, 38.8398], [-77.0464, 38.8397], [-77.0463, 38.8397], [-77.0463, 38.8395], [-77.0462, 38.8394], [-77.0462, 38.8393], [-77.0461, 38.8392], [-77.046, 38.8391], [-77.046, 38.839], [-77.0459, 38.839], [-77.0458, 38.8389], [-77.0457, 38.8389], [-77.0456, 38.8389], [-77.0455, 38.8388], [-77.0454, 38.8387], [-77.0454, 38.8386], [-77.0453, 38.8386], [-77.0453, 38.8385], [-77.0453, 38.8384], [-77.0453, 38.8383], [-77.0454, 38.8383], [-77.0454, 38.8382], [-77.0454, 38.8381], [-77.0454, 38.838], [-77.0454, 38.8379], [-77.0454, 38.8378], [-77.0454, 38.8377], [-77.0453, 38.8377], [-77.0453, 38.8374], [-77.0453, 38.8373], [-77.0453, 38.8372], [-77.0453, 38.8371], [-77.0453, 38.837], [-77.0453, 38.8369], [-77.0452, 38.8368], [-77.0452, 38.8367], [-77.0452, 38.8366], [-77.0452, 38.8365], [-77.0451, 38.8364], [-77.0452, 38.8364], [-77.0452, 38.8363], [-77.0451, 38.8362], [-77.0451, 38.8361], [-77.0451, 38.836], [-77.0452, 38.836], [-77.0452, 38.8359], [-77.0451, 38.8359], [-77.0451, 38.8358], [-77.045, 38.8358], [-77.045, 38.8357], [-77.045, 38.8356], [-77.045, 38.8355], [-77.045, 38.8354], [-77.045, 38.8353], [-77.045, 38.8352], [-77.0449, 38.8352], [-77.0449, 38.8351], [-77.0449, 38.835], [-77.0449, 38.8349], [-77.0448, 38.8348], [-77.0448, 38.8347], [-77.0448, 38.8346], [-77.0447, 38.8346], [-77.0447, 38.8345], [-77.0447, 38.8344], [-77.0446, 38.8343], [-77.0446, 38.8342], [-77.0446, 38.8341], [-77.0445, 38.8341], [-77.0445, 38.8339], [-77.0444, 38.8338], [-77.0444, 38.8337], [-77.0443, 38.8337], [-77.0443, 38.8336], [-77.0442, 38.8336], [-77.0442, 38.8335], [-77.0441, 38.8335], [-77.044, 38.8335], [-77.0439, 38.8335], [-77.0439, 38.8334], [-77.0438, 38.8334], [-77.0438, 38.8333], [-77.0438, 38.8332], [-77.0438, 38.8331], [-77.0437, 38.833], [-77.0437, 38.8329], [-77.0437, 38.8328], [-77.0436, 38.8327], [-77.0436, 38.8326], [-77.0436, 38.8325], [-77.0436, 38.8324], [-77.0435, 38.8324], [-77.0435, 38.8323], [-77.0435, 38.8322], [-77.0435, 38.8321], [-77.0435, 38.8319], [-77.0434, 38.8319], [-77.0434, 38.8318], [-77.0434, 38.8317], [-77.0433, 38.8317], [-77.0433, 38.8316], [-77.0433, 38.8315], [-77.0432, 38.8314], [-77.0431, 38.8314], [-77.0431, 38.8313], [-77.043, 38.8313], [-77.043, 38.8312], [-77.0429, 38.8312], [-77.0428, 38.8312], [-77.0425, 38.8312], [-77.0424, 38.8312], [-77.0423, 38.8313], [-77.0421, 38.8313], [-77.0421, 38.8314], [-77.042, 38.8314], [-77.042, 38.8315], [-77.042, 38.8316], [-77.042, 38.8317], [-77.042, 38.8318], [-77.0421, 38.8318], [-77.0421, 38.832], [-77.0422, 38.8321], [-77.0422, 38.8322], [-77.0422, 38.8323], [-77.0422, 38.8324], [-77.0423, 38.8325], [-77.0423, 38.8326], [-77.0423, 38.8327], [-77.0424, 38.8327], [-77.0424, 38.8328], [-77.0425, 38.8329], [-77.0425, 38.833], [-77.0425, 38.8331], [-77.0426, 38.8331], [-77.0426, 38.8332], [-77.0426, 38.8333], [-77.0426, 38.8334], [-77.0425, 38.8335], [-77.0424, 38.8336], [-77.0423, 38.8337], [-77.0422, 38.8337], [-77.0421, 38.8337], [-77.042, 38.8337], [-77.0419, 38.8337], [-77.0418, 38.8337], [-77.0417, 38.8336], [-77.041, 38.8332], [-77.0409, 38.8332], [-77.0408, 38.8331], [-77.0407, 38.833], [-77.0406, 38.833], [-77.0405, 38.8329], [-77.0404, 38.8329], [-77.04, 38.8326], [-77.0399, 38.8326], [-77.0398, 38.8326], [-77.0397, 38.8325], [-77.0396, 38.8324], [-77.0393, 38.8323], [-77.0392, 38.8322], [-77.0392, 38.8321], [-77.0391, 38.8321], [-77.039, 38.832], [-77.039, 38.8319], [-77.0389, 38.8319], [-77.0389, 38.8318], [-77.0388, 38.8318], [-77.0388, 38.8317], [-77.0387, 38.8317], [-77.0387, 38.8316], [-77.0386, 38.8316], [-77.0386, 38.8315], [-77.0385, 38.8315], [-77.0385, 38.8314], [-77.0384, 38.8313], [-77.0384, 38.8312], [-77.0383, 38.8312], [-77.0383, 38.8311], [-77.0383, 38.831], [-77.0382, 38.831], [-77.0382, 38.8309], [-77.0381, 38.8309], [-77.0381, 38.8308], [-77.038, 38.8307], [-77.038, 38.8306], [-77.0379, 38.8305], [-77.0378, 38.8304], [-77.0378, 38.8303], [-77.0378, 38.8302], [-77.0378, 38.8301], [-77.0377, 38.83], [-77.0377, 38.8299], [-77.0377, 38.8298], [-77.0378, 38.8298], [-77.0377, 38.8297], [-77.0377, 38.8296], [-77.0377, 38.8295], [-77.0378, 38.8294], [-77.0378, 38.8293], [-77.0378, 38.8292], [-77.0378, 38.8291], [-77.0378, 38.829], [-77.0379, 38.829], [-77.0379, 38.8289], [-77.0379, 38.8288], [-77.038, 38.8288], [-77.0379, 38.8288], [-77.038, 38.8287], [-77.038, 38.8286], [-77.038, 38.8285], [-77.038, 38.8284], [-77.038, 38.8283], [-77.038, 38.8282], [-77.0381, 38.8282], [-77.0381, 38.8281], [-77.0381, 38.828], [-77.0381, 38.8279], [-77.0382, 38.8279], [-77.0382, 38.8278], [-77.0381, 38.8278], [-77.0381, 38.8277], [-77.0382, 38.8277], [-77.0382, 38.8276], [-77.0382, 38.8275], [-77.0383, 38.8275], [-77.0383, 38.8274], [-77.0383, 38.8273], [-77.0384, 38.8273], [-77.0384, 38.8272], [-77.0383, 38.8271], [-77.0383, 38.8269], [-77.0384, 38.8268], [-77.0384, 38.8265], [-77.0385, 38.8264], [-77.0385, 38.8263], [-77.0386, 38.8262], [-77.0386, 38.8261], [-77.0385, 38.826], [-77.0386, 38.8259], [-77.0386, 38.8258], [-77.0387, 38.8257], [-77.0387, 38.8256], [-77.0386, 38.8255], [-77.0386, 38.8254], [-77.0387, 38.8251], [-77.0388, 38.825], [-77.0387, 38.8249], [-77.0388, 38.8247], [-77.0388, 38.8246], [-77.0388, 38.8245], [-77.0388, 38.8244], [-77.0389, 38.8244], [-77.0389, 38.8243], [-77.039, 38.8243], [-77.039, 38.8242], [-77.0391, 38.8241], [-77.0392, 38.8241], [-77.0393, 38.8241], [-77.0394, 38.824], [-77.0395, 38.824], [-77.0396, 38.824], [-77.0397, 38.8239], [-77.0397, 38.8238], [-77.0398, 38.8238], [-77.0398, 38.8237], [-77.04, 38.8237], [-77.04, 38.8238], [-77.0401, 38.8237], [-77.0402, 38.8237], [-77.0403, 38.8237], [-77.0404, 38.8237], [-77.0404, 38.8236], [-77.0405, 38.8236], [-77.0406, 38.8236], [-77.0407, 38.8236], [-77.0408, 38.8235], [-77.0408, 38.8234], [-77.0409, 38.8234], [-77.041, 38.8234], [-77.041, 38.8233], [-77.0411, 38.8233], [-77.0411, 38.8232], [-77.0411, 38.8231], [-77.0411, 38.823], [-77.0411, 38.8229], [-77.041, 38.8227], [-77.041, 38.8226], [-77.0409, 38.8224], [-77.0409, 38.8223], [-77.0409, 38.8222], [-77.0408, 38.8222], [-77.0408, 38.8221], [-77.0407, 38.8221], [-77.0407, 38.822], [-77.0406, 38.822], [-77.0405, 38.822], [-77.0404, 38.822], [-77.0402, 38.822], [-77.0401, 38.8219], [-77.0399, 38.8219], [-77.0398, 38.8218], [-77.0397, 38.8218], [-77.0396, 38.8217], [-77.0395, 38.8217], [-77.0395, 38.8216], [-77.0394, 38.8215], [-77.0395, 38.8214], [-77.0395, 38.8213], [-77.0395, 38.8212], [-77.0396, 38.8212], [-77.0396, 38.8211], [-77.0397, 38.8211], [-77.0398, 38.821], [-77.0398, 38.8209], [-77.0399, 38.8209], [-77.04, 38.8208], [-77.04, 38.8207], [-77.04, 38.8206], [-77.04, 38.8205], [-77.0399, 38.8205], [-77.04, 38.8203], [-77.0399, 38.8201], [-77.0398, 38.82], [-77.0397, 38.8199], [-77.0396, 38.8199], [-77.0395, 38.8199], [-77.0394, 38.8198], [-77.0393, 38.8198], [-77.0393, 38.8197], [-77.0392, 38.8197], [-77.0391, 38.8196], [-77.039, 38.8195], [-77.0389, 38.8195], [-77.0389, 38.8194], [-77.0389, 38.8193], [-77.0389, 38.8192], [-77.0389, 38.8191], [-77.0389, 38.819], [-77.039, 38.819], [-77.039, 38.8189], [-77.0391, 38.8189], [-77.0391, 38.8188], [-77.039, 38.8188], [-77.039, 38.8187], [-77.039, 38.8186], [-77.0389, 38.8185], [-77.0389, 38.8184], [-77.0389, 38.8183], [-77.0389, 38.8182], [-77.0388, 38.8181], [-77.0389, 38.818], [-77.0388, 38.818], [-77.0388, 38.8179], [-77.0388, 38.8178], [-77.0388, 38.8177], [-77.0387, 38.8176], [-77.0387, 38.8175], [-77.0387, 38.8174], [-77.0387, 38.8173], [-77.0386, 38.8173], [-77.0386, 38.8172], [-77.0386, 38.8171], [-77.0385, 38.8171], [-77.0386, 38.817], [-77.0386, 38.8169], [-77.0385, 38.8168], [-77.0385, 38.8167], [-77.0385, 38.8166], [-77.0385, 38.8165], [-77.0385, 38.8163], [-77.0384, 38.8162], [-77.0384, 38.8161], [-77.0384, 38.816], [-77.0383, 38.816], [-77.0383, 38.8159], [-77.0382, 38.8158], [-77.0381, 38.8156], [-77.0381, 38.8155], [-77.038, 38.8154], [-77.0379, 38.8153], [-77.0378, 38.8152], [-77.0377, 38.8152], [-77.0377, 38.8151], [-77.0376, 38.8151], [-77.0375, 38.815], [-77.0374, 38.8149], [-77.0374, 38.8148], [-77.0374, 38.8147], [-77.0373, 38.8146], [-77.0374, 38.8145], [-77.0374, 38.8142], [-77.0373, 38.8134], [-77.0373, 38.8122], [-77.0373, 38.8105], [-77.0376, 38.8086], [-77.0377, 38.8081], [-77.0381, 38.806], [-77.0382, 38.8051], [-77.0386, 38.8035], [-77.039, 38.8017], [-77.0391, 38.8008], [-77.0392, 38.8005], [-77.0392, 38.8003], [-77.0392, 38.8], [-77.0392, 38.7997], [-77.0392, 38.7995], [-77.0391, 38.7982], [-77.0391, 38.7978], [-77.0391, 38.7976], [-77.0391, 38.7973], [-77.0391, 38.7972], [-77.0391, 38.797], [-77.0391, 38.7969], [-77.039, 38.7959], [-77.039, 38.7947], [-77.039, 38.7945], [-77.039, 38.7944], [-77.039, 38.7937], [-77.039, 38.7929], [-77.039, 38.7928], [-77.039, 38.7926], [-77.039, 38.7925], [-77.039, 38.7924], [-77.039, 38.7916], [-77.038, 38.7924], [-77.0379, 38.7925], [-77.0378, 38.7926], [-77.0376, 38.7928], [-77.0375, 38.7928], [-77.0374, 38.7929], [-77.0364, 38.7936], [-77.0355, 38.7944], [-77.0243, 38.8031], [-77.0225, 38.8046], [-77.0224, 38.8047], [-77.0223, 38.8048], [-77.0218, 38.8051], [-77.0207, 38.8059], [-77.0204, 38.8062], [-77.0163, 38.8094], [-77.0154, 38.8101], [-77.0092, 38.8149], [-77.0066, 38.8169], [-77.0065, 38.8171], [-77.0045, 38.8187], [-77.0016, 38.821], [-77.0013, 38.8212], [-77.0012, 38.8213], [-77.001, 38.8214], [-77.0002, 38.8221], [-77.0001, 38.8222], [-76.9993, 38.8228], [-76.9992, 38.8229], [-76.9989, 38.8231], [-76.9986, 38.8234], [-76.9985, 38.8234], [-76.9984, 38.8235], [-76.9982, 38.8237], [-76.9981, 38.8237], [-76.9981, 38.8238], [-76.998, 38.8238], [-76.9969, 38.8246], [-76.9967, 38.8248], [-76.9965, 38.8249], [-76.9962, 38.8252], [-76.9961, 38.8253], [-76.9959, 38.8254], [-76.9958, 38.8255], [-76.9957, 38.8256], [-76.9955, 38.8258], [-76.9952, 38.8259], [-76.995, 38.8261], [-76.9948, 38.8263], [-76.9946, 38.8265], [-76.9943, 38.8266], [-76.9941, 38.8268], [-76.9939, 38.827], [-76.9937, 38.8271], [-76.9935, 38.8273], [-76.9933, 38.8275], [-76.9931, 38.8276], [-76.993, 38.8276], [-76.9928, 38.8278], [-76.9927, 38.8279], [-76.9926, 38.828], [-76.9925, 38.8281], [-76.9923, 38.8283], [-76.992, 38.8284], [-76.9917, 38.8287], [-76.9916, 38.8287], [-76.9916, 38.8288], [-76.9915, 38.8289], [-76.9913, 38.829], [-76.9912, 38.8291], [-76.9911, 38.8291], [-76.9911, 38.8292], [-76.9908, 38.8294], [-76.9904, 38.8297], [-76.9903, 38.8298], [-76.9898, 38.8302], [-76.9894, 38.8305], [-76.989, 38.8308], [-76.9889, 38.8309], [-76.9888, 38.831], [-76.9885, 38.8312], [-76.9882, 38.8314], [-76.9879, 38.8317], [-76.9876, 38.8319], [-76.9874, 38.832], [-76.9873, 38.8321], [-76.9872, 38.8322], [-76.9871, 38.8323], [-76.9869, 38.8325], [-76.9865, 38.8328], [-76.986, 38.8331], [-76.9858, 38.8333], [-76.9857, 38.8334], [-76.9856, 38.8334], [-76.9854, 38.8336], [-76.9853, 38.8337], [-76.9851, 38.8338], [-76.985, 38.8339], [-76.9849, 38.834], [-76.9846, 38.8342], [-76.9843, 38.8345], [-76.9841, 38.8346], [-76.984, 38.8347], [-76.9839, 38.8348], [-76.9837, 38.835], [-76.9834, 38.8352], [-76.983, 38.8355], [-76.9827, 38.8357], [-76.9827, 38.8358], [-76.9824, 38.836], [-76.9821, 38.8362], [-76.982, 38.8363], [-76.9818, 38.8364], [-76.9817, 38.8365], [-76.9816, 38.8366], [-76.9812, 38.8369], [-76.9809, 38.8371], [-76.9802, 38.8376], [-76.9801, 38.8378], [-76.9797, 38.8381], [-76.9796, 38.8381], [-76.979, 38.8386], [-76.9785, 38.839], [-76.9782, 38.8393], [-76.978, 38.8394], [-76.9775, 38.8398], [-76.9774, 38.8399], [-76.9773, 38.8399], [-76.9772, 38.84], [-76.9771, 38.8401], [-76.9769, 38.8402], [-76.9766, 38.8405], [-76.9762, 38.8408], [-76.9757, 38.8411], [-76.9757, 38.8412], [-76.9756, 38.8413], [-76.9754, 38.8414], [-76.9749, 38.8418], [-76.9748, 38.8419], [-76.9747, 38.842], [-76.9743, 38.8422], [-76.974, 38.8425], [-76.9736, 38.8428], [-76.9734, 38.8429], [-76.9733, 38.8431], [-76.9732, 38.8431], [-76.9731, 38.8432], [-76.973, 38.8433], [-76.9729, 38.8433], [-76.9726, 38.8436], [-76.9725, 38.8437], [-76.9723, 38.8438], [-76.972, 38.844], [-76.9719, 38.8441], [-76.9718, 38.8442], [-76.9718, 38.8443], [-76.9717, 38.8443], [-76.9714, 38.8445], [-76.9711, 38.8448], [-76.971, 38.8449], [-76.9709, 38.8449], [-76.9708, 38.845], [-76.9707, 38.8451], [-76.9705, 38.8453], [-76.9704, 38.8453], [-76.9703, 38.8454], [-76.9702, 38.8454], [-76.9701, 38.8455], [-76.9699, 38.8457], [-76.9697, 38.8458], [-76.9696, 38.8459], [-76.9695, 38.846], [-76.9692, 38.8463], [-76.9688, 38.8466], [-76.9687, 38.8466], [-76.9683, 38.8469], [-76.9682, 38.847], [-76.9678, 38.8474], [-76.9674, 38.8477], [-76.967, 38.848], [-76.9667, 38.8482], [-76.9666, 38.8483], [-76.9665, 38.8483], [-76.9664, 38.8484], [-76.9661, 38.8487], [-76.9657, 38.849], [-76.9655, 38.8491], [-76.9654, 38.8492], [-76.9653, 38.8493], [-76.9651, 38.8494], [-76.9648, 38.8497], [-76.9647, 38.8498], [-76.964, 38.8503], [-76.9639, 38.8504], [-76.9636, 38.8506], [-76.9635, 38.8507], [-76.9634, 38.8508], [-76.9633, 38.8509], [-76.9629, 38.8512], [-76.9626, 38.8514], [-76.9623, 38.8516], [-76.9621, 38.8518], [-76.962, 38.8519], [-76.9607, 38.8529], [-76.9588, 38.8544], [-76.9582, 38.8548], [-76.9581, 38.8549], [-76.958, 38.855], [-76.9577, 38.8552], [-76.9571, 38.8557], [-76.9564, 38.8562], [-76.9563, 38.8563], [-76.9562, 38.8564], [-76.9561, 38.8564], [-76.9561, 38.8565], [-76.956, 38.8566], [-76.9557, 38.8568], [-76.9556, 38.8568], [-76.9548, 38.8574], [-76.9547, 38.8575], [-76.9546, 38.8576], [-76.9545, 38.8577], [-76.9542, 38.858], [-76.9539, 38.8582], [-76.9538, 38.8583], [-76.9537, 38.8583], [-76.9536, 38.8584], [-76.9534, 38.8586], [-76.9533, 38.8587], [-76.953, 38.8589], [-76.9529, 38.859], [-76.9524, 38.8594], [-76.9517, 38.8599], [-76.9512, 38.8603], [-76.9508, 38.8606], [-76.9506, 38.8607], [-76.9504, 38.8609], [-76.9502, 38.8611], [-76.95, 38.8612], [-76.9499, 38.8613], [-76.9498, 38.8613], [-76.9498, 38.8614], [-76.9496, 38.8616], [-76.9493, 38.8618], [-76.9492, 38.8619], [-76.9491, 38.8619], [-76.949, 38.862], [-76.9486, 38.8623], [-76.9482, 38.8626], [-76.9481, 38.8627], [-76.948, 38.8628], [-76.9479, 38.8628], [-76.9477, 38.863], [-76.9474, 38.8632], [-76.9471, 38.8635], [-76.947, 38.8636], [-76.9469, 38.8636], [-76.9468, 38.8637], [-76.9467, 38.8638], [-76.9466, 38.8638], [-76.9463, 38.8641], [-76.9462, 38.8642], [-76.9459, 38.8644], [-76.9458, 38.8645], [-76.9457, 38.8646], [-76.9456, 38.8646], [-76.9454, 38.8648], [-76.9449, 38.8652], [-76.9448, 38.8653], [-76.9447, 38.8654], [-76.9446, 38.8654], [-76.9445, 38.8655], [-76.9441, 38.8658], [-76.944, 38.8659], [-76.9438, 38.866], [-76.9437, 38.8661], [-76.9435, 38.8663], [-76.9431, 38.8666], [-76.9427, 38.8669], [-76.9426, 38.867], [-76.9425, 38.8671], [-76.9424, 38.8672], [-76.9422, 38.8673], [-76.9421, 38.8674], [-76.9419, 38.8675], [-76.9418, 38.8676], [-76.9416, 38.8678], [-76.9414, 38.8679], [-76.9413, 38.868], [-76.9411, 38.8681], [-76.9409, 38.8683], [-76.9408, 38.8684], [-76.9407, 38.8685], [-76.9404, 38.8687], [-76.9403, 38.8688], [-76.9402, 38.8689], [-76.9399, 38.8691], [-76.9397, 38.8692], [-76.9396, 38.8693], [-76.9396, 38.8694], [-76.9395, 38.8694], [-76.9393, 38.8696], [-76.9391, 38.8697], [-76.939, 38.8698], [-76.9389, 38.8698], [-76.9388, 38.87], [-76.9385, 38.8702], [-76.9384, 38.8703], [-76.9383, 38.8703], [-76.938, 38.8706], [-76.9379, 38.8707], [-76.9378, 38.8707], [-76.9377, 38.8708], [-76.9374, 38.871], [-76.9374, 38.8711], [-76.9372, 38.8712], [-76.9371, 38.8713], [-76.937, 38.8713], [-76.9368, 38.8715], [-76.9367, 38.8716], [-76.9366, 38.8717], [-76.9365, 38.8717], [-76.9365, 38.8718], [-76.9364, 38.8718], [-76.9363, 38.8719], [-76.9362, 38.872], [-76.9361, 38.8721], [-76.936, 38.8721], [-76.9359, 38.8722], [-76.9356, 38.8725], [-76.9355, 38.8725], [-76.9354, 38.8726], [-76.9353, 38.8726], [-76.9351, 38.8728], [-76.935, 38.8729], [-76.9349, 38.873], [-76.9348, 38.873], [-76.9348, 38.8731], [-76.9347, 38.8731], [-76.9344, 38.8734], [-76.9343, 38.8735], [-76.9342, 38.8735], [-76.9342, 38.8736], [-76.9339, 38.8738], [-76.9336, 38.874], [-76.9331, 38.8744], [-76.9327, 38.8747], [-76.9325, 38.8749], [-76.9324, 38.8749], [-76.9321, 38.8752], [-76.9316, 38.8755], [-76.9316, 38.8756], [-76.9315, 38.8757], [-76.9314, 38.8757], [-76.9313, 38.8758], [-76.9312, 38.8758], [-76.9311, 38.8759], [-76.931, 38.876], [-76.931, 38.8761], [-76.9309, 38.8761], [-76.9306, 38.8763], [-76.9301, 38.8768], [-76.93, 38.8768], [-76.9299, 38.8769], [-76.9298, 38.8769], [-76.9294, 38.8772], [-76.9291, 38.8775], [-76.929, 38.8776], [-76.9285, 38.8779], [-76.9282, 38.8782], [-76.9281, 38.8782], [-76.9281, 38.8783], [-76.9265, 38.8795], [-76.9264, 38.8796], [-76.9263, 38.8797], [-76.9262, 38.8797], [-76.9261, 38.8798], [-76.9257, 38.8801], [-76.9256, 38.8802], [-76.9248, 38.8808], [-76.9247, 38.8809], [-76.9243, 38.8812], [-76.9241, 38.8814], [-76.924, 38.8815], [-76.9231, 38.8822], [-76.9228, 38.8824], [-76.9224, 38.8827], [-76.9223, 38.8828], [-76.9222, 38.8828], [-76.9221, 38.883], [-76.9219, 38.8831], [-76.9218, 38.8832], [-76.9217, 38.8833], [-76.9216, 38.8833], [-76.9216, 38.8834], [-76.9215, 38.8834], [-76.9215, 38.8835], [-76.9213, 38.8835], [-76.9212, 38.8836], [-76.9211, 38.8837], [-76.921, 38.8838], [-76.9209, 38.8839], [-76.9208, 38.884], [-76.9207, 38.884], [-76.9206, 38.8841], [-76.9205, 38.8842], [-76.9203, 38.8843], [-76.9202, 38.8844], [-76.9201, 38.8845], [-76.92, 38.8846], [-76.9199, 38.8847], [-76.9198, 38.8848], [-76.9197, 38.8849], [-76.9195, 38.885], [-76.9194, 38.885], [-76.9194, 38.8851], [-76.9193, 38.8851], [-76.9193, 38.8852], [-76.9192, 38.8853], [-76.919, 38.8854], [-76.9187, 38.8856], [-76.9186, 38.8857], [-76.9185, 38.8858], [-76.9184, 38.8858], [-76.9181, 38.8861], [-76.918, 38.8861], [-76.918, 38.8862], [-76.9179, 38.8862], [-76.9178, 38.8863], [-76.9177, 38.8864], [-76.9176, 38.8865], [-76.9175, 38.8865], [-76.9175, 38.8866], [-76.9174, 38.8866], [-76.9171, 38.8868], [-76.917, 38.8869], [-76.9169, 38.887], [-76.9166, 38.8873], [-76.9162, 38.8875], [-76.9161, 38.8876], [-76.916, 38.8877], [-76.9158, 38.8878], [-76.9155, 38.8881], [-76.9153, 38.8883], [-76.9149, 38.8886], [-76.9145, 38.8889], [-76.9144, 38.8889], [-76.9144, 38.889], [-76.9143, 38.889], [-76.9143, 38.8891], [-76.9142, 38.8891], [-76.9141, 38.8892], [-76.9138, 38.8894], [-76.9137, 38.8895], [-76.9136, 38.8896], [-76.9135, 38.8897], [-76.9134, 38.8898], [-76.9133, 38.8898], [-76.9132, 38.8899], [-76.913, 38.89], [-76.9129, 38.8901], [-76.9128, 38.8902], [-76.9127, 38.8903], [-76.9125, 38.8904], [-76.9124, 38.8905], [-76.9123, 38.8906], [-76.9121, 38.8908], [-76.9119, 38.8909], [-76.9118, 38.891], [-76.9111, 38.8915], [-76.9107, 38.8918], [-76.9105, 38.8919], [-76.9096, 38.8926], [-76.9094, 38.8929], [-76.9096, 38.893], [-76.9105, 38.8938], [-76.9107, 38.8939], [-76.9108, 38.894], [-76.9109, 38.8941], [-76.911, 38.8941], [-76.9111, 38.8942], [-76.9112, 38.8943], [-76.9113, 38.8944], [-76.9114, 38.8945], [-76.9115, 38.8945], [-76.9119, 38.8948], [-76.9123, 38.8951], [-76.9124, 38.8952], [-76.9125, 38.8953], [-76.9127, 38.8954], [-76.9127, 38.8955], [-76.9128, 38.8955], [-76.9129, 38.8956], [-76.913, 38.8957], [-76.9132, 38.8958], [-76.9133, 38.8959], [-76.9134, 38.896], [-76.9135, 38.8961], [-76.9138, 38.8963], [-76.9141, 38.8966], [-76.9145, 38.8969], [-76.9149, 38.8972], [-76.915, 38.8973], [-76.9151, 38.8973], [-76.9152, 38.8974], [-76.9156, 38.8977], [-76.9156, 38.8978], [-76.9159, 38.898], [-76.916, 38.8981], [-76.9165, 38.8984], [-76.9167, 38.8986], [-76.917, 38.8988], [-76.9171, 38.8989], [-76.9172, 38.8989], [-76.9172, 38.899], [-76.9173, 38.899], [-76.9173, 38.8991], [-76.9174, 38.8991], [-76.9174, 38.8992], [-76.9175, 38.8992], [-76.9176, 38.8993], [-76.9177, 38.8994], [-76.9178, 38.8994], [-76.918, 38.8996], [-76.9181, 38.8997], [-76.9182, 38.8998], [-76.9183, 38.8998], [-76.9185, 38.9], [-76.9188, 38.9002], [-76.9189, 38.9003], [-76.919, 38.9004], [-76.9191, 38.9004], [-76.9191, 38.9005], [-76.9192, 38.9006], [-76.9193, 38.9006], [-76.9195, 38.9008], [-76.9196, 38.9009], [-76.9199, 38.9011], [-76.92, 38.9012], [-76.9201, 38.9012], [-76.9203, 38.9014], [-76.9206, 38.9016], [-76.9208, 38.9018], [-76.9209, 38.9018], [-76.9209, 38.9019], [-76.921, 38.902], [-76.9211, 38.902], [-76.9214, 38.9022], [-76.9214, 38.9023], [-76.9215, 38.9024], [-76.9216, 38.9024], [-76.9217, 38.9025], [-76.922, 38.9027], [-76.9221, 38.9028], [-76.9223, 38.903], [-76.9224, 38.903], [-76.9228, 38.9033], [-76.9231, 38.9036], [-76.9234, 38.9038], [-76.9234, 38.9039], [-76.9235, 38.904], [-76.9236, 38.904], [-76.9237, 38.9041], [-76.9242, 38.9044], [-76.9245, 38.9047], [-76.9246, 38.9048], [-76.9247, 38.9048], [-76.9247, 38.9049], [-76.925, 38.9051], [-76.9251, 38.9052], [-76.9252, 38.9052], [-76.9253, 38.9053], [-76.9257, 38.9057], [-76.926, 38.9059], [-76.9261, 38.906], [-76.9262, 38.906], [-76.9263, 38.9061], [-76.9265, 38.9062], [-76.9265, 38.9063], [-76.9267, 38.9065], [-76.9268, 38.9065], [-76.9271, 38.9068], [-76.9274, 38.907], [-76.9276, 38.9071], [-76.9277, 38.9072], [-76.9277, 38.9073], [-76.9279, 38.9074], [-76.9283, 38.9077], [-76.9284, 38.9077], [-76.9285, 38.9078], [-76.9285, 38.9079], [-76.9286, 38.9079], [-76.9287, 38.908], [-76.9288, 38.908], [-76.9289, 38.9081], [-76.929, 38.9082], [-76.9293, 38.9085], [-76.9294, 38.9085], [-76.9295, 38.9086], [-76.9296, 38.9087], [-76.9297, 38.9088], [-76.9301, 38.9091], [-76.9304, 38.9093], [-76.9304, 38.9094], [-76.9305, 38.9094], [-76.9309, 38.9097], [-76.931, 38.9098], [-76.9313, 38.91], [-76.9313, 38.9101], [-76.9314, 38.9101], [-76.9315, 38.9102], [-76.9317, 38.9103], [-76.9317, 38.9104], [-76.9318, 38.9104], [-76.9319, 38.9105], [-76.932, 38.9106], [-76.9321, 38.9106], [-76.9321, 38.9107], [-76.9325, 38.911], [-76.9327, 38.9111], [-76.9327, 38.9112], [-76.9328, 38.9112], [-76.9331, 38.9114], [-76.9335, 38.9118], [-76.9338, 38.912], [-76.9339, 38.9121], [-76.934, 38.9122], [-76.9341, 38.9122], [-76.9342, 38.9123], [-76.9343, 38.9123], [-76.9343, 38.9124], [-76.936, 38.9138], [-76.9371, 38.9148], [-76.9377, 38.9153], [-76.9387, 38.9161], [-76.9391, 38.9164], [-76.9392, 38.9164], [-76.9392, 38.9165], [-76.9394, 38.9166], [-76.9396, 38.9167], [-76.9397, 38.9168], [-76.9411, 38.9179], [-76.9413, 38.918], [-76.9413, 38.9181], [-76.9414, 38.9182], [-76.9415, 38.9182], [-76.9415, 38.9183], [-76.9419, 38.9186], [-76.9422, 38.9188], [-76.9439, 38.9201], [-76.9439, 38.9202], [-76.9452, 38.9211], [-76.9492, 38.9242], [-76.9509, 38.9255], [-76.956, 38.9294], [-76.9561, 38.9295], [-76.9563, 38.9296], [-76.9576, 38.9306], [-76.9577, 38.9307], [-76.9578, 38.9307], [-76.9579, 38.9308], [-76.9583, 38.9312], [-76.9587, 38.9315], [-76.9588, 38.9316], [-76.959, 38.9317], [-76.9591, 38.9318], [-76.9592, 38.9319], [-76.9594, 38.9321], [-76.9595, 38.9321], [-76.9596, 38.9322], [-76.9597, 38.9323], [-76.9599, 38.9325], [-76.9603, 38.9327], [-76.9607, 38.9331], [-76.9609, 38.9332], [-76.9612, 38.9335], [-76.9613, 38.9335], [-76.9614, 38.9336], [-76.9615, 38.9337], [-76.9617, 38.9338], [-76.9618, 38.9339], [-76.962, 38.9341], [-76.9621, 38.9341], [-76.9622, 38.9342], [-76.9625, 38.9345], [-76.9628, 38.9347], [-76.963, 38.9348], [-76.963, 38.9349], [-76.9631, 38.9349], [-76.9631, 38.935], [-76.9632, 38.935], [-76.9633, 38.9351], [-76.9634, 38.9351], [-76.9634, 38.9352], [-76.9635, 38.9352], [-76.9636, 38.9353], [-76.9639, 38.9355], [-76.964, 38.9356], [-76.9643, 38.9359], [-76.9644, 38.9359], [-76.9644, 38.936], [-76.9645, 38.936], [-76.9646, 38.9361], [-76.9647, 38.9362], [-76.9648, 38.9363], [-76.9649, 38.9363], [-76.965, 38.9364], [-76.9651, 38.9365], [-76.9652, 38.9365], [-76.9654, 38.9367], [-76.9656, 38.9369], [-76.9657, 38.937], [-76.9658, 38.937], [-76.9659, 38.9371], [-76.9662, 38.9373], [-76.9667, 38.9378], [-76.9668, 38.9378], [-76.9668, 38.9379], [-76.967, 38.938], [-76.9678, 38.9386], [-76.9681, 38.9388], [-76.9681, 38.9389], [-76.9682, 38.9389], [-76.9682, 38.939], [-76.9683, 38.939], [-76.9688, 38.9394], [-76.9692, 38.9397], [-76.9696, 38.94], [-76.9697, 38.9401], [-76.9698, 38.9401], [-76.9698, 38.9402], [-76.9699, 38.9402], [-76.97, 38.9403], [-76.97, 38.9404], [-76.9701, 38.9404], [-76.9702, 38.9405], [-76.9703, 38.9405], [-76.9704, 38.9406], [-76.9704, 38.9407], [-76.9705, 38.9407], [-76.9706, 38.9408], [-76.9707, 38.9409], [-76.9708, 38.9409], [-76.9708, 38.941], [-76.9709, 38.941], [-76.971, 38.9411], [-76.9711, 38.9412], [-76.9712, 38.9413], [-76.9713, 38.9413], [-76.9714, 38.9414], [-76.9714, 38.9415], [-76.9715, 38.9415], [-76.9716, 38.9416], [-76.9717, 38.9416], [-76.9718, 38.9417], [-76.9718, 38.9418], [-76.9719, 38.9418], [-76.972, 38.9419], [-76.9721, 38.942], [-76.9724, 38.9422], [-76.9729, 38.9426], [-76.9733, 38.9429], [-76.9736, 38.9432], [-76.9737, 38.9432], [-76.9738, 38.9433], [-76.9739, 38.9433], [-76.9739, 38.9434], [-76.9745, 38.9438], [-76.9773, 38.946], [-76.9777, 38.9463], [-76.9778, 38.9464], [-76.9782, 38.9467], [-76.9784, 38.9468], [-76.9789, 38.9473], [-76.983, 38.9505], [-76.9841, 38.9514], [-76.9847, 38.9518], [-76.9847, 38.9519], [-76.9855, 38.9525], [-76.9857, 38.9526], [-76.9859, 38.9527], [-76.986, 38.9528], [-76.9861, 38.9529], [-76.9866, 38.9533], [-76.9872, 38.9538], [-76.9877, 38.9541], [-76.9877, 38.9542], [-76.9878, 38.9543], [-76.988, 38.9544], [-76.9881, 38.9545], [-76.9882, 38.9545], [-76.9885, 38.9548], [-76.9888, 38.955], [-76.989, 38.9552], [-76.9893, 38.9554], [-76.9894, 38.9555], [-76.9895, 38.9555], [-76.9896, 38.9556], [-76.9898, 38.9558], [-76.99, 38.956], [-76.9902, 38.9561], [-76.9903, 38.9562], [-76.9904, 38.9562], [-76.9904, 38.9563], [-76.9905, 38.9564], [-76.9908, 38.9566], [-76.9909, 38.9567], [-76.991, 38.9567], [-76.9911, 38.9568], [-76.9912, 38.9569], [-76.9915, 38.9571], [-76.9915, 38.9572], [-76.9916, 38.9572], [-76.9918, 38.9574], [-76.9919, 38.9574], [-76.9919, 38.9575], [-76.992, 38.9575], [-76.992, 38.9576], [-76.9921, 38.9576], [-76.9921, 38.9577], [-76.9922, 38.9577], [-76.9925, 38.9579], [-76.9926, 38.958], [-76.9927, 38.9581], [-76.9929, 38.9582], [-76.9931, 38.9584], [-76.9932, 38.9585], [-76.9933, 38.9585], [-76.9937, 38.9589], [-76.9942, 38.9593], [-76.9943, 38.9593], [-76.9944, 38.9594], [-76.995, 38.9599], [-76.9956, 38.9604], [-76.9957, 38.9604], [-76.9962, 38.9608], [-76.9967, 38.9612], [-76.9969, 38.9614], [-76.9971, 38.9615], [-76.9972, 38.9616], [-76.9973, 38.9617], [-76.9977, 38.962], [-76.9978, 38.9621], [-76.9979, 38.9621], [-76.9985, 38.9626], [-76.9986, 38.9627], [-76.9987, 38.9628], [-76.9988, 38.9628], [-76.9988, 38.9629], [-76.9989, 38.9629], [-76.999, 38.963], [-76.9991, 38.9631], [-76.9992, 38.9631], [-76.9993, 38.9632], [-76.9997, 38.9636], [-76.9999, 38.9637], [-77.0001, 38.9638], [-77.0001, 38.9639], [-77.0002, 38.9639], [-77.0007, 38.9643], [-77.0008, 38.9644], [-77.0015, 38.965], [-77.0024, 38.9657], [-77.0025, 38.9657], [-77.0033, 38.9664], [-77.0036, 38.9665], [-77.0045, 38.9673], [-77.0046, 38.9674], [-77.0053, 38.9679], [-77.0061, 38.9685], [-77.0065, 38.9689], [-77.0077, 38.9698], [-77.0085, 38.9704], [-77.0088, 38.9706], [-77.0094, 38.9711], [-77.0098, 38.9714], [-77.0101, 38.9717], [-77.0109, 38.9724], [-77.0128, 38.9739], [-77.0133, 38.9743], [-77.0134, 38.9743], [-77.0138, 38.9747], [-77.0139, 38.9748], [-77.0146, 38.9753], [-77.0157, 38.9762], [-77.0172, 38.9773], [-77.0184, 38.9782], [-77.0184, 38.9783], [-77.0186, 38.9784], [-77.0188, 38.9785], [-77.0191, 38.9788], [-77.0195, 38.9791], [-77.0204, 38.9799], [-77.0223, 38.9814], [-77.0224, 38.9813], [-77.0231, 38.9818], [-77.0232, 38.9819], [-77.0243, 38.9827], [-77.0257, 38.9838], [-77.0266, 38.9845], [-77.0269, 38.9848], [-77.027, 38.9849], [-77.0281, 38.9857], [-77.0284, 38.986], [-77.0296, 38.9869], [-77.0311, 38.9881], [-77.0324, 38.989], [-77.0328, 38.9894], [-77.0329, 38.9895], [-77.0335, 38.99], [-77.0341, 38.9904], [-77.035, 38.9911], [-77.0357, 38.9917], [-77.0361, 38.9921], [-77.0362, 38.9922], [-77.0363, 38.9922], [-77.0365, 38.9924], [-77.0368, 38.9927], [-77.0372, 38.993], [-77.0375, 38.9933], [-77.0379, 38.9936], [-77.0409, 38.9958], [-77.0414, 38.9954], [-77.0417, 38.995], [-77.0418, 38.9949], [-77.0423, 38.9945], [-77.0426, 38.9943], [-77.0439, 38.9932], [-77.0442, 38.993], [-77.0449, 38.9925], [-77.0454, 38.9921], [-77.0461, 38.9916], [-77.0465, 38.9913], [-77.0467, 38.9912], [-77.0471, 38.9908], [-77.0496, 38.9888], [-77.0505, 38.9882], [-77.0518, 38.9872], [-77.0523, 38.9868], [-77.0524, 38.9868], [-77.053, 38.9863], [-77.0543, 38.9853], [-77.055, 38.9847], [-77.0558, 38.9841], [-77.0559, 38.9841], [-77.0563, 38.9838], [-77.0566, 38.9835], [-77.0574, 38.9829], [-77.0585, 38.982], [-77.0597, 38.9811], [-77.0611, 38.98], [-77.0612, 38.98], [-77.0612, 38.9799], [-77.0615, 38.9797], [-77.0621, 38.9792], [-77.0627, 38.9788], [-77.0628, 38.9787], [-77.0629, 38.9786], [-77.063, 38.9785], [-77.0639, 38.9779], [-77.0639, 38.9778], [-77.0651, 38.9769], [-77.0659, 38.9763], [-77.066, 38.9762], [-77.0661, 38.9761], [-77.0664, 38.9759], [-77.0666, 38.9757], [-77.0667, 38.9756], [-77.0668, 38.9755], [-77.067, 38.9754], [-77.0687, 38.9741], [-77.069, 38.9739], [-77.0692, 38.9737], [-77.0693, 38.9736], [-77.0696, 38.9734], [-77.0701, 38.973], [-77.0702, 38.9729], [-77.0703, 38.9729], [-77.0704, 38.9728], [-77.0705, 38.9727], [-77.0712, 38.9721], [-77.0716, 38.9718], [-77.0728, 38.9709], [-77.0729, 38.9708], [-77.073, 38.9707], [-77.0731, 38.9706], [-77.0732, 38.9706], [-77.0742, 38.9698], [-77.0748, 38.9693], [-77.0756, 38.9687], [-77.0757, 38.9686], [-77.0758, 38.9685], [-77.0766, 38.9679], [-77.0767, 38.9678], [-77.0771, 38.9676], [-77.0774, 38.9673], [-77.0776, 38.9672], [-77.0782, 38.9667], [-77.0803, 38.965], [-77.0804, 38.965], [-77.0805, 38.9649], [-77.0822, 38.9636], [-77.0826, 38.9632], [-77.0827, 38.9631], [-77.083, 38.9629], [-77.0835, 38.9625], [-77.084, 38.9621], [-77.0846, 38.9616], [-77.0853, 38.9611], [-77.0857, 38.9608], [-77.0866, 38.9601], [-77.0868, 38.9599], [-77.0876, 38.9593], [-77.0877, 38.9593], [-77.0882, 38.9589], [-77.0884, 38.9587], [-77.0885, 38.9586], [-77.0887, 38.9585], [-77.0889, 38.9583], [-77.0905, 38.957], [-77.0906, 38.957], [-77.0909, 38.9568], [-77.0912, 38.9565], [-77.0916, 38.9562], [-77.0926, 38.9554], [-77.0935, 38.9547], [-77.0938, 38.9545], [-77.0943, 38.9541], [-77.0953, 38.9533], [-77.0954, 38.9533], [-77.0955, 38.9532], [-77.0964, 38.9524], [-77.0968, 38.9521], [-77.0976, 38.9515], [-77.0982, 38.9511], [-77.0983, 38.951], [-77.0988, 38.9505], [-77.0997, 38.9499], [-77.0999, 38.9497], [-77.1003, 38.9495], [-77.1006, 38.9492], [-77.101, 38.9489], [-77.1014, 38.9487], [-77.1025, 38.9479], [-77.1041, 38.9466], [-77.1048, 38.946], [-77.1061, 38.9452], [-77.1088, 38.9431], [-77.1089, 38.943], [-77.109, 38.9429], [-77.1119, 38.9407], [-77.1121, 38.9406], [-77.1122, 38.9405], [-77.1126, 38.9402], [-77.114, 38.9391], [-77.1141, 38.939], [-77.1148, 38.9384], [-77.1152, 38.9382], [-77.116, 38.9376], [-77.1161, 38.9375], [-77.1167, 38.9369], [-77.1168, 38.9369], [-77.1168, 38.9368], [-77.1169, 38.9368], [-77.117, 38.9367], [-77.1171, 38.9367], [-77.1171, 38.9366], [-77.1172, 38.9365], [-77.1174, 38.9364], [-77.1189, 38.9354], [-77.1198, 38.9343]]]}}]}